BirdID,RecA Time,RecA End,nsk
frye3,1172.794944714552,1174.451413433706,1
frye3,1506.6860160957926,1508.6736436917927,1
frye3,1511.804158539293,1513.0945898624598,1
frye3,1516.4713401816746,1518.0959381717746,1
frye3,1519.9310917474202,1521.3958538358368,1
frye3,1524.5286139623038,1526.1850826814577,1
frye3,1528.7057648457005,1530.352446169034,1
frye3,1532.934184880424,1534.6093677287574,1
frye3,1538.5069390802828,1540.481813452192,1
frye3,1543.684956524318,1544.9753878474849,1
frye3,1547.5626646550534,1549.2156029936534,1
frye1,1551.026634414393,1552.801131901993,1
frye3,1551.2081746941276,1552.6729367825442,1
frye3,1555.6220080212518,1557.051153749835,1
frye1,1555.97365445333,1557.4567912914838,1
frye3,1559.636965421414,1561.293434140568,1
frye1,1559.7604334237217,1561.4573555343218,1
frye1,1564.0815431690762,1565.7954926481596,1
frye3,1564.2809272546294,1565.9561101029628,1
frye3,1568.4671863221301,1569.84774484163,1
frye1,1568.936983689394,1570.5783153477942,1
frye1,1572.5146767043652,1574.2891741919652,1
frye3,1572.9265774057699,1574.901451777679,1
frye1,1577.04487240514,1578.7719976144733,1
frye3,1579.9542984417321,1581.244729764899,1
frye1,1582.4114119275966,1584.12536140668,1
frye3,1585.201975313266,1586.85844403242,1
frye1,1587.0809982653186,1588.7066264059185,1
frye3,1589.4744201998244,1591.1496030481578,1
frye1,1591.1697902824285,1592.8621764537363,1
frye3,1593.7468650863827,1595.3998034249828,1
frye1,1595.1656552082404,1596.9401526958404,1
frye3,1598.1818486371037,1599.6466107255203,1
frye1,1600.1837181383296,1601.8250497967297,1
frye3,1602.3834307494144,1603.812576477998,1
frye1,1603.7846429261251,1605.4985924052085,1
frye3,1605.7979460435772,1607.4544147627312,1
frye1,1608.3380703997243,1610.1125678873243,1
frye3,1610.9063040601143,1612.5814869084477,1
frye1,1612.8450343276752,1614.4706624682751,1
frye3,1616.0458670681553,1617.6704650582553,1
frye1,1616.2601049328748,1617.987230142208,1
frye3,1619.706611734058,1621.1713738224746,1
frye1,1620.697373542352,1622.4113230214352,1
frye3,1624.0052583251618,1625.651939648495,1
frye1,1624.995251514882,1626.7189267092456,1
frye3,1628.4604797896695,1629.7509111128363,1
frye1,1629.4325201243591,1631.2070176119591,1
frye3,1632.2685284929064,1633.9214668315065,1
frye1,1634.4505830544483,1636.1475051650484,1
frye3,1637.0458672013553,1638.7210500496888,1
frye1,1639.1201693921705,1640.8341188712538,1
frye1,1643.650365092945,1645.3774903022784,1
frye3,1645.0626433434154,1646.7191120625694,1
frye1,1648.9936728425776,1650.6350045009776,1
frye1,1652.153193946708,1653.927691434308,1
frye3,1654.466666055677,1656.4415404275862,1
frye1,1656.9854026942012,1658.7090778885647,1
frye3,1658.7565272686097,1660.403208591943,1
frye1,1660.841876983066,1662.5558264621493,1
frye3,1662.3381813629776,1663.6286126861444,1
frye1,1665.4649997751392,1666.948136613293,1
frye3,1665.6854616221376,1667.1146073507211,1
frye1,1668.601289106445,1670.3284143157782,1
frye3,1670.2329164794442,1671.8893851985981,1
frye1,1673.0617894887464,1674.6874176293463,1
frye3,1674.8304386943275,1676.2952007827441,1
frye1,1676.9647273232604,1678.7392248108604,1
frye3,1678.761603494934,1680.4082848182675,1
frye1,1681.8433996164028,1683.540321727003,1
frye3,1682.3072172458048,1683.9824000941383,1
frye1,1686.1645093617574,1687.8784588408407,1
frye3,1690.0394136981088,1691.6923520367088,1
frye1,1691.0199498820753,1692.503086720229,1
frye3,1694.195759538837,1695.4861908620037,1
frye1,1694.6441064426954,1696.3712316520287,1
frye3,1697.9573686237416,1699.5819666138416,1
frye1,1699.1743021434704,1700.9487996310704,1
frye3,1702.7638691211198,1704.2286312095364,1
frye1,1703.6580342985965,1705.2993659569966,1
frye3,1707.7209948851405,1709.150140613724,1
frye1,1708.072071135249,1709.7860206143323,1
frye3,1711.6802758408935,1713.3367445600475,1
frye1,1712.6951939273222,1714.4696914149222,1
frye3,1716.881513094095,1718.5566959424284,1
frye1,1717.2718531737462,1718.9955283681097,1
frye3,1721.618354163975,1723.271292502575,1
frye1,1721.8252806473456,1723.552405856679,1
frye3,1725.7747000047032,1727.06513132787,1
frye1,1725.8211455731575,1727.5008509180666,1
frye1,1729.4453021337774,1731.2197996213774,1
frye3,1731.347454204562,1732.972052194662,1
frye1,1733.4876306052383,1735.1845527158384,1
frye3,1735.0394038619681,1736.5041659503847,1
frye1,1739.0400243102908,1740.681355968691,1
frye3,1740.0826673420568,1741.51181307064,1
frye1,1742.4550949154905,1744.1690443945738,1
frye3,1744.791723711721,1746.448192430875,1
frye1,1746.9620588434411,1748.587686984041,1
frye3,1748.901629934117,1750.5768127824504,1
frye1,1750.586215404061,1752.3133406133943,1
frye3,1753.38305310317,1754.7636116226697,1
frye1,1754.9073251494158,1756.6818226370158,1
frye3,1757.0053433330781,1758.9802177049874,1
frye1,1759.739533896909,1761.4319200682169,1
frye3,1762.369119250442,1763.8338813388586,1
frye1,1764.1071071879128,1765.5091172385128,1
frye3,1767.8954338319688,1769.5483721705689,1
frye1,1768.0100450224263,1769.6513766808264,1
frye1,1772.075605266712,1773.7895547457954,1
frye3,1772.376857001022,1773.6672883241888,1
frye1,1776.2573243751197,1777.9542464857198,1
frye3,1776.3885015248738,1777.8176472534574,1
frye3,1779.923294979997,1781.579763699151,1
frye1,1780.8107518487193,1782.293888686873,1
frye1,1783.9005776343758,1785.6750751219759,1
frye3,1786.703479256492,1788.3786621048255,1
frye1,1788.8489452459917,1790.5413314172995,1
frye1,1792.77511485333,1794.5022400626633,1
frye3,1794.5053351362944,1796.1520164596277,1
frye1,1797.769946010595,1799.395574151195,1
frye3,1798.0636285955254,1800.0385029674346,1
frye1,1801.347639025566,1803.122136513166,1
frye3,1804.0951163218847,1805.3855476450515,1
frye1,1806.8071056393203,1808.4484372977204,1
frye3,1809.2731337659202,1810.9260721045202,1
frye1,1810.8029705651325,1812.5169200442158,1
frye3,1813.0579626599908,1814.7331455083242,1
frye1,1815.4260933572052,1816.909230195359,1
frye3,1817.5393858290438,1819.0041479174604,1
frye1,1819.050249917825,1820.7471720284252,1
frye3,1821.742171288104,1823.3986400072579,1
frye1,1823.022883070813,1824.797380558413,1
frye3,1826.8737491138072,1828.164180436974,1
frye1,1827.3904563618164,1829.0317880202165,1
frye1,1830.2015008735796,1831.915450352663,1
frye3,1831.891039625303,1833.3201853538862,1
frye1,1835.1266367123703,1836.8503119067339,1
frye3,1836.0687935435742,1837.7252622627282,1
frye1,1838.3093895893253,1839.9890949342343,1
frye1,1841.2598247380356,1842.9869499473689,1
frye1,1845.627398029039,1847.4018955166391,1
frye1,1849.6697265005,1851.3110581589,1
frye1,1854.060531564328,1855.757453674928,1
frye1,1858.590727265103,1860.2163554057029,1
frye1,1862.2845791441964,1864.0117043535297,1
frye1,1867.0470925732163,1868.7610420522997,1
frye3,1870.7824082468612,1872.4575910951946,1
frye1,1871.3449705457465,1873.06864574011,1
frye1,1875.898398019346,1877.672895506946,1
frye3,1878.212747180006,1879.8656855186061,1
frye1,1881.5901823613456,1883.2698877062546,1
frye3,1881.9046968374125,1883.3694589258291,1
frye1,1885.1214118306675,1886.8485370400008,1
frye3,1888.3830235947482,1890.0394923139022,1
frye1,1889.512216894496,1891.1535485528962,1
frye1,1893.6242406844297,1895.3987381720297,1
frye3,1894.605932451257,1896.2811152995905,1
frye1,1899.1766343894824,1900.5891347279826,1
frye3,1899.2082991221323,1901.1831734940415,1
frye1,1903.1957310881187,1904.909680567202,1
frye3,1906.9588709276109,1908.2493022507776,1
frye1,1907.0754371498083,1908.7010652904082,1
frye1,1910.931911438673,1912.6590366480063,1
frye3,1911.1616563866708,1912.8145947252708,1
frye3,1915.5037607007275,1916.9685227891441,1
frye1,1915.6247295492196,1917.3992270368196,1
frye1,1920.0619981586965,1921.7417035036055,1
frye3,1920.7746573814272,1922.2038031100105,1
frye1,1923.7326182649656,1925.4295403755657,1
frye1,1927.101225324516,1928.8151748035993,1
frye3,1930.3876583761837,1932.0628412245171,1
frye1,1932.978863849112,1934.620195507512,1
frye3,1935.890753148544,1937.547221867698,1
frye1,1938.04339032485,1939.81788781245,1
frye1,1942.7362084353963,1944.3618365759962,1
frye3,1943.1585534175267,1944.6233155059433,1
frye1,1947.289635908996,1949.0167611183292,1
frye3,1951.8195422364738,1953.466223559807,1
frye1,1953.5157510259585,1955.2297005050418,1
frye3,1956.2777455963608,1957.5681769195276,1
frye1,1958.0459467267333,1959.7256520716423,1
frye1,1960.6014417374272,1962.3251169317907,1
frye3,1961.1539055212372,1962.7785035113372,1
frye1,1964.6205384360635,1966.3476636453968,1
frye1,1967.6174371304223,1969.2430652710223,1
frye1,1971.613302056234,1973.387799543834,1
frye1,1976.7939873960947,1978.4353190544948,1
frye3,1977.8025086933153,1979.4776915416487,1
frye1,1981.3474148696944,1983.0613643487777,1
frye3,1981.7963158698808,1983.4492542084809,1
frye1,1985.4826704324528,1987.2063456268163,1
frye3,1986.0919805656051,1987.5567426540217,1
frye3,1990.2947660246653,1991.7239117532486,1
frye1,1992.7542153265176,1994.481340535851,1
frye3,1994.7529693845524,1996.4094381037064,1
frye1,1999.0035622163048,2000.6832675612138,1
frye3,1999.4433708361,2001.1185536844334,1
frye1,2001.8843020465413,2003.6587995341413,1
frye3,2004.6524631536665,2006.6273375255757,1
frye1,2004.8579689680755,2006.4993006264756,1
frye3,2009.822625533337,2011.1130568565038,1
frye1,2010.5265215372503,2012.2234436478504,1
frye3,2014.5130269848846,2016.1659653234847,1
frye1,2015.4748891488664,2017.1005172894663,1
frye3,2019.4588463372593,2020.9236084256759,1
frye1,2019.935389531168,2021.6625147405014,1
frye3,2024.033148742977,2025.6896174621309,1
frye1,2024.3726581406447,2026.086607619728,1
frye1,2028.7169996588243,2030.4406748531878,1
frye3,2031.4170480577895,2033.092230906123,1
frye3,2036.223548555168,2037.8702298785015,1
frye1,2038.9622114744232,2040.7367089620232,1
frye3,2040.1941359225673,2041.8187339126673,1
frye1,2042.958076400235,2044.6377817451441,1
frye3,2045.139955274942,2046.4303865981087,1
frye1,2047.9761393303245,2049.6174709887246,1
frye3,2049.7374774898253,2051.3904158284254,1
frye1,2054.9921347233194,2056.7060842024025,1
frye3,2055.3566713080163,2057.0318541563497,1
frye1,2059.3132444686744,2060.9388726092743,1
frye3,2060.279366743205,2062.2542411151144,1
frye1,2064.51716158136,2066.2442867906934,1
frye3,2066.3628608527374,2067.827622941154,1
frye1,2069.4655291929757,2071.1892043873395,1
frye3,2073.305583793395,2074.962052512549,1
frye1,2074.0886519850483,2075.8631494726483,1
frye3,2079.804748419392,2081.2338941479757,1
frye3,2084.3349931472817,2086.010175995615,1
frye1,2088.473155418012,2090.170077528612,1
frye1,2091.117541465397,2092.8314909444803,1
frye3,2091.138397232943,2092.791335571543,1
frye1,2094.369989660825,2096.011321319225,1
frye3,2096.478953341141,2097.9437154295574,1
frye1,2097.785060266025,2099.559557753625,1
frye1,2101.385985053821,2103.06569039873,1
frye3,2102.051707541,2103.708176260154,1
frye1,2104.336420202531,2106.063545411864,1
frye3,2106.927867465876,2108.574548789209,1
frye1,2107.8444178990285,2109.5583673781116,1
frye3,2111.432510444095,2112.7229417672615,1
frye1,2111.491806232473,2113.117434373073,1
frye1,2115.1139334314557,2116.8376086258195,1
frye3,2115.7513949489858,2117.375992939086,1
frye1,2118.856278217836,2120.630775705436,1
frye3,2121.0222916296852,2122.487053718102,1
frye1,2122.8056795979983,2124.447011256398,1
frye3,2126.0509408848166,2127.4800866134,1
frye1,2126.453067931443,2128.1801931407763,1
frye1,2130.6115552670262,2132.2912606119353,1
frye3,2130.8442709069363,2132.5194537552698,1
frye1,2133.0508914135976,2134.8253889011976,1
frye1,2135.2715230985104,2136.8971512391104,1
frye3,2135.7514489783553,2137.7390765743553,1
frye1,2138.736163856521,2140.4330859671213,1
frye1,2141.855733314078,2143.569682793161,1
frye3,2142.1987575891485,2143.489188912315,1
frye1,2145.2708039192776,2146.9505092641866,1
frye3,2147.655412743177,2149.0845584717604,1
frye1,2149.243437072265,2150.970562281598,1
frye3,2152.2297151488942,2153.886183868048,1
frye1,2153.2049679252145,2154.8462995836144,1
frye1,2156.398823102207,2158.173320589807,1
frye3,2158.1739862954105,2159.849169143744,1
frye1,2162.056118478612,2163.681746619212,1
frye3,2165.511445991891,2167.4863203638,1
frye1,2167.3603564346145,2169.084031628978,1
frye3,2170.8055624817566,2172.095993804923,1
frye1,2173.3347854912586,2175.0144908361676,1
frye3,2173.3365216808597,2174.7170802003598,1
frye1,2176.9381494326367,2178.66527464197,1
frye3,2177.7715052315802,2179.4244435701803,1
frye1,2181.3497471157066,2183.0636965947897,1
frye3,2182.5315661106265,2183.996328199043,1
frye1,2185.627434409851,2187.253062550451,1
frye3,2187.2916269896727,2188.9480957088267,1
frye1,2187.772872460969,2189.547369948569,1
frye1,2190.83977781907,2192.48110947747,1
frye3,2193.0501396628597,2194.725322511193,1
frye1,2194.4848702526733,2196.1817923632734,1
frye1,2199.3366139760224,2201.0163193209314,1
frye3,2200.7430942793335,2202.7179686512427,1
frye1,2202.9785276153043,2204.7530251029043,1
frye3,2205.7281554675387,2207.1573011961223,1
frye1,2207.196324619228,2208.919999813592,1
frye1,2210.020505109888,2211.6461332504878,1
frye3,2210.27923806409,2211.5696693872565,1
frye1,2213.866706092449,2215.5938313017823,1
frye3,2215.5501347447894,2217.2030730833894,1
frye3,2220.2405361963374,2221.705298284754,1
frye3,2225.3488942128747,2227.0053629320287,1
frye1,2225.6064175870897,2226.87526180809,1
frye3,2230.3411531835814,2232.0163360319148,1
frye3,2236.587281849256,2238.2339631725895,1
frye3,2241.440221964967,2242.7306532881335,1
frye3,2247.616691203143,2249.241289193243,1
frye3,2255.116689563787,2256.5814516522037,1
frye3,2261.525356893624,2263.181825612778,1
frye3,2267.399968612642,2269.0751514609756,1
frye3,2273.0331762259157,2275.0208038219157,1
frye3,2280.2869626998154,2281.577394022982,1
frye1,2284.6953857647327,2286.4698832523327,1
frye4,2288.854129246234,2290.6174152827343,1
frye3,2291.350435109611,2292.7795808381948,1
frye4,2292.4181571250742,2294.153239236347,1
frye3,2294.567145336953,2296.03190742537,1
frye4,2296.879857861163,2298.319893715092,1
frye3,2299.373645834332,2301.030114553486,1
frye4,2301.0482572443475,2302.8523895500143,1
frye1,2304.571070176788,2306.2981953861213,1
frye4,2305.234434627825,2306.760381523007,1
frye1,2308.31138560153,2309.95271725993,1
frye3,2308.661569500763,2310.3367523490965,1
frye4,2310.5404805005305,2312.0145638724307,1
frye1,2311.470906705661,2313.184856184744,1
frye3,2314.2111038914554,2315.8577852147887,1
frye4,2315.0110690876722,2316.266404838872,1
frye1,2315.5596987227705,2317.2566208333706,1
frye3,2318.158471449689,2319.4489027728555,1
frye4,2319.1439193708384,2320.618002742738,1
frye1,2319.4161730116352,2320.899309849789,1
frye1,2322.552462342941,2324.326959830541,1
frye3,2323.266829466226,2324.9197678048263,1
frye4,2323.4011989354117,2325.1362810466844,1
frye1,2326.501863723104,2328.1987858337043,1
frye4,2327.8628996715,2329.302935525429,1
frye3,2330.0237939335548,2331.698976781888,1
frye1,2330.706814604336,2332.332442744936,1
frye4,2331.8624322038872,2333.3365155757874,1
frye1,2334.307739392132,2336.0348646014654,1
frye4,2335.470898713667,2337.2341847501666,1
frye3,2335.6778466594888,2337.652721031398,1
frye1,2338.3965314092416,2340.0378630676414,1
frye4,2339.6748517972487,2341.2007986924305,1
frye3,2342.0052154632513,2343.469977551668,1
frye1,2342.090383288335,2343.804332767418,1
frye4,2344.438738815784,2346.1738209270566,1
frye1,2346.1559435326203,2347.8528656432204,1
frye3,2347.3457715714494,2349.0022402906034,1
frye4,2349.7092339086025,2351.1129686945023,1
frye1,2349.8033318660646,2351.5778293536646,1
frye4,2353.4599066395344,2354.715242390734,1
frye1,2353.892123883175,2355.571829228084,1
frye3,2354.9386491687565,2356.61383201709,1
frye1,2357.098108532954,2358.795030643554,1
frye4,2357.3616722010283,2358.835755572928,1
frye3,2360.441743941117,2362.094682279717,1
frye4,2361.9478028378453,2363.7110888743455,1
frye1,2364.4625805183164,2366.1765299973995,1
frye4,2366.080653122012,2367.5206889759406,1
frye1,2367.784724032218,2369.410352172818,1
frye3,2368.150720584255,2369.4411519074215,1
frye4,2370.7023345397156,2372.5064668453824,1
frye1,2371.060404000471,2372.7875292098042,1
frye3,2374.177847659522,2375.6069933881054,1
frye1,2375.2421231088783,2377.0166205964783,1
frye4,2375.3684558269997,2376.8944027221814,1
frye3,2378.7157337548206,2380.180495843237,1
frye4,2378.7813896346356,2380.5446756711353,1
frye1,2378.866279669499,2380.5076113278988,1
frye1,2382.3045820475227,2384.018531526606,1
frye4,2382.914239918802,2384.649322030075,1
frye3,2384.149169099683,2385.5783148282667,1
frye1,2385.975202153792,2387.672124264392,1
frye4,2386.931548151293,2388.405631523193,1
frye3,2389.0485488337254,2390.7050175528793,1
frye1,2389.971067079604,2391.745564567204,1
frye4,2391.322143785776,2392.725878571676,1
frye1,2393.688150731521,2395.36785607643,1
frye3,2395.944832156051,2397.620015004384,1
frye4,2396.850386530101,2398.2904223840296,1
frye1,2397.033526018248,2398.760651227581,1
frye1,2400.6182541506278,2402.2595858090276,1
frye4,2400.9743483438947,2402.7784806495615,1
frye1,2403.8404354558224,2405.5543849349056,1
frye4,2404.938329476074,2406.464276371256,1
frye1,2407.34843315232,2409.0721083466838,1
frye4,2408.3779274541866,2410.141213490687,1
frye1,2410.9493579401155,2412.676483149449,1
frye3,2411.0841477323333,2412.7087457224334,1
frye4,2413.292907923605,2415.027990034878,1
frye1,2415.409858322417,2417.035486463017,1
frye3,2416.540802886362,2418.0055649747787,1
frye4,2418.4123095655405,2419.66764531674,1
frye1,2418.639074745021,2420.413572232621,1
frye4,2421.7097019418215,2423.1837853137213,1
frye1,2422.2864630784657,2423.9833851890658,1
frye4,2425.8692151558225,2427.6733474614894,1
frye1,2425.9106196390853,2427.5903249839944,1
frye3,2426.7575189194363,2428.4139876385902,1
frye1,2429.1862996073382,2430.9607970949382,1
frye4,2430.197598141133,2431.7235450363146,1
frye3,2432.957207966779,2434.6323908151126,1
frye1,2433.18216453315,2434.8745507044578,1
frye4,2435.583634665306,2437.0577180372056,1
frye1,2436.3416856372805,2438.0556351163636,1
frye1,2439.75675624248,2441.39808790088,1
frye4,2439.79647559894,2441.236511452869,1
frye4,2443.2538492771564,2444.657584063056,1
frye1,2443.2879857118023,2445.0624831994023,1
frye3,2443.573783190611,2445.561410786611,1
frye4,2446.88009148704,2448.6151735983126,1
frye1,2447.1909235463163,2448.9180487556496,1
frye4,2451.066268870518,2452.829554907018,1
frye1,2452.02313229381,2453.6487604344097,1
frye3,2452.0671109104615,2453.357542233628,1
frye1,2455.252348716413,2457.026846204013,1
frye4,2455.2702219540997,2456.5255577052994,1
frye3,2457.573783883077,2459.0029296116604,1
frye1,2458.435101593368,2460.1587767877318,1
frye4,2458.5320623108523,2460.0061456827525,1
frye4,2462.478267742927,2464.2133498542,1
frye4,2466.744435777873,2468.5077218143733,1
frye1,2467.785094872844,2469.5122200821775,1
frye3,2468.228098090052,2469.884566809206,1
frye4,2472.663741625295,2474.189688520477,1
frye3,2475.0082823665466,2476.473044454963,1
frye1,2475.812467666085,2477.453799324485,1
frye4,2477.8720217667496,2479.6761540724165,1
frye1,2479.863652234324,2481.577601713407,1
frye4,2481.933768630179,2483.459715525361,1
frye3,2485.4107568729496,2487.0636952115497,1
frye1,2485.732434662141,2487.429356772741,1
frye4,2487.373132873985,2488.776867659885,1
frye1,2489.983849089022,2491.758346576622,1
frye3,2490.7513129811477,2492.426495829481,1
frye4,2492.8124964984704,2494.252532352399,1
frye1,2496.777186187078,2498.402814327678,1
frye3,2498.6854592334093,2500.6603336053186,1
frye1,2505.9938627102065,2507.7209879195398,1
frye3,2508.7466650848583,2510.037096408025,1
frye1,2512.0020340000565,2513.6817393449655,1
frye3,2517.4076539038056,2519.0322518939056,1
frye3,2525.033175367317,2526.497937455734,1
frye4,2525.413128703136,2527.1791604078358,1
frye4,2528.5594276285337,2530.322713665034,1
frye4,2531.9723620564905,2533.7074441677632,1
frye3,2532.2218921517633,2533.8783608709173,1
frye4,2535.5275020852787,2536.9675379392074,1
frye4,2538.6382489901475,2540.4423812958144,1
frye3,2541.6259148640247,2543.301097712358,1
frye4,2542.0245198679486,2543.5504667631303,1
frye4,2545.561884196633,2547.3251702331327,1
frye3,2548.94015475134,2550.3693004799234,1
frye4,2549.3836591076592,2551.118741218932,1
frye4,2553.1343318375903,2554.90036354229,1
frye4,2557.809340975927,2559.064676727127,1
frye3,2559.6444867769014,2561.3009554960554,1
frye4,2561.7466579376296,2563.1503927235294,1
frye1,2565.369645814158,2567.144143301758,1
frye4,2565.683975519652,2567.2099224148337,1
frye3,2567.9571784583572,2569.421940546774,1
frye1,2569.74690018361,2571.3882318420096,1
frye4,2569.8612650540786,2571.3013009080073,1
frye4,2573.1497689609873,2574.953901266654,1
frye3,2575.480396628167,2577.133334966767,1
frye4,2577.1137500921654,2578.877036128665,1
frye1,2580.643375020401,2582.3670502147647,1
frye4,2580.8288714228897,2582.3548183180715,1
frye3,2582.8178563246474,2584.108287647814,1
frye4,2584.8372911850074,2586.603322889707,1
frye1,2584.971745895507,2586.597374036107,1
frye4,2588.4457583141075,2590.18084042538,1
frye3,2590.782250868612,2592.4068488587122,1
frye1,2591.708720376252,2593.4358455855854,1
frye4,2594.8805611474136,2596.6438471839137,1
frye1,2596.205960398709,2597.885665743618,1
frye3,2596.969724433498,2598.6449072818314,1
frye1,2599.9398298673204,2601.7143273549204,1
frye4,2599.9821870882442,2601.422222942173,1
frye1,2604.0592692825344,2605.7561913931345,1
frye4,2604.2572423529214,2605.7313257248215,1
frye1,2608.3476453908697,2609.9889770492696,1
frye3,2608.4060860256654,2610.0625547448194,1
frye4,2610.6209430041317,2612.0246777900315,1
frye1,2612.258288887963,2613.972238367046,1
frye3,2615.3758124437013,2616.840574532118,1
frye1,2616.5333332576306,2618.2570084519944,1
frye3,2619.853451944542,2621.2825976731256,1
frye1,2621.243881107767,2622.9710063171,1
frye4,2621.9796147772304,2623.783747082897,1
frye1,2625.465598519765,2627.091226660365,1
frye3,2625.822512561898,2627.797386933807,1
frye4,2625.9080445082004,2627.433991403382,1
frye1,2629.211863626175,2630.986361113775,1
frye4,2629.712043720124,2631.475329756624,1
frye3,2632.252830039228,2633.5432613623943,1
frye1,2633.926808678821,2635.60651402373,1
frye4,2634.84033321111,2636.575415322383,1
frye1,2637.737924252762,2639.434846363362,1
frye4,2639.399799678451,2640.8398355323798,1
frye3,2641.192456568168,2642.845394906768,1
frye1,2641.939183479672,2643.653132958755,1
frye4,2643.2393509089015,2645.0053826136013,1
frye1,2646.072022631556,2647.713354289956,1
frye4,2647.532182494004,2649.295468530504,1
frye3,2649.7141265321184,2651.3608078554516,1
frye1,2650.0388665294568,2651.4408765800567,1
frye4,2652.224966712123,2653.960048823396,1
frye1,2654.075509218095,2655.755214563004,1
frye3,2654.4277477928326,2656.102930641166,1
frye1,2656.3225596043408,2658.0970570919408,1
frye4,2657.2999291037986,2658.7740124756983,1
frye1,2659.7814935947267,2661.5051687890905,1
frye4,2661.7261373841807,2662.9814731353804,1
frye3,2661.728604803933,2663.7034791758424,1
frye1,2663.8521179628283,2665.477746103428,1
frye4,2666.24110565576,2668.0452379614267,1
frye1,2667.201259614335,2668.9283848236682,1
frye3,2668.707930429971,2670.1726925183875,1
frye4,2670.2761895883546,2671.8021364835363,1
frye1,2671.1490249103044,2672.8287302552135,1
frye4,2673.715786947147,2675.479072983647,1
frye1,2674.984119395667,2676.6810415062673,1
frye4,2677.9819549810923,2679.421990835021,1
frye3,2678.0655135239,2679.721982243054,1
frye1,2679.3435981138955,2681.0575475929786,1
frye4,2681.2882352084257,2683.0542669131255,1
frye1,2683.36978335144,2684.99541149204,1
frye3,2684.009784670416,2685.3002159935827,1
frye4,2685.9099166261294,2687.644998737402,1
frye1,2687.187104674861,2688.961602162461,1
frye4,2689.660589356061,2691.0643241419607,1
frye3,2689.7450775344373,2691.3980158730374,1
frye1,2692.2265020911245,2693.9062074360336,1
frye4,2694.9044202784025,2696.1597560296022,1
frye3,2695.2017326884657,2696.876915536799,1
frye1,2695.808295671909,2697.5354208812423,1
frye4,2698.0596070548527,2699.8637393605195,1
frye1,2700.0966717802453,2701.738003438645,1
frye4,2702.361326489006,2703.8872733841877,1
frye3,2703.497640592416,2705.472514964325,1
frye1,2704.3228331057994,2706.0367825848825,1
frye4,2706.1297749200417,2707.8930609565414,1
frye1,2708.233476602893,2709.9571517972568,1
frye4,2710.2270731826793,2711.667109036608,1
frye3,2711.8735556697097,2713.1639869928763,1
frye1,2712.717384886683,2714.491882374283,1
frye4,2713.4889141597523,2715.254945864452,1
frye1,2717.3968253449275,2719.0765306898365,1
frye3,2717.6042393696907,2719.0333850982743,1
frye4,2717.906175025261,2719.6412571365336,1
frye1,2720.809750579773,2722.5368757891065,1
frye4,2722.0745767096355,2723.837862746135,1
frye3,2722.9261848327633,2724.5826535519172,1
frye1,2725.253663645561,2726.879291786161,1
frye4,2727.398398902766,2728.653734653966,1
frye1,2728.760010179104,2730.534507666704,1
frye3,2729.334852162601,2730.7996142510174,1
frye4,2731.6734541674427,2733.4775864731096,1
frye1,2733.753304962502,2735.394636620902,1
frye4,2736.4817810565587,2738.0077279517404,1
frye1,2738.021025123949,2739.7349746030322,1
frye3,2739.2264908673496,2740.655636595933,1
frye1,2741.7361364475887,2743.433058558189,1
frye4,2743.3787504116976,2745.1447821163974,1
frye3,2743.9401121280634,2745.615294976397,1
frye4,2746.7028063381345,2748.437888449407,1
frye1,2749.969493625681,2751.6966188350143,1
frye4,2750.7023388705206,2752.4656249070204,1
frye3,2752.043825527025,2753.696763865625,1
frye1,2754.7206830745504,2756.4951805621504,1
frye4,2754.98628198525,2756.426317839179,1
frye3,2756.780666596905,2758.2454286853217,1
frye1,2759.1544965394514,2760.7801246800514,1
frye4,2759.465758421443,2761.2698907271097,1
frye4,2763.1364398815863,2764.662386776768,1
frye1,2763.2457985646174,2764.969473758981,1
frye3,2763.5608508734,2765.217319592554,1
frye4,2766.76268271079,2768.52596874729,1
frye1,2767.616766703158,2769.3307161822413,1
frye1,2771.8023383597097,2773.4820437046187,1
frye4,2774.406231472294,2776.141313583567,1
frye3,2774.683139463951,2776.3298207872845,1
frye1,2775.688191284568,2777.462688772168,1
frye4,2778.7346144576045,2780.1746503115332,1
frye1,2780.849080507148,2782.4904121655477,1
frye1,2784.8084050473726,2786.5223545264557,1
frye3,2785.666109199506,2787.3412920478395,1
frye4,2786.555921901017,2788.360054206684,1
frye1,2788.7334015348333,2790.3590296754332,1
frye3,2790.411343487639,2792.386217859548,1
frye1,2792.9595848186914,2794.6565069292915,1
frye4,2793.079603853163,2794.3349396043627,1
frye4,2796.199239228405,2797.965270933105,1
frye1,2797.195433436892,2798.875138781801,1
frye3,2798.042267485026,2799.3326988081926,1
frye4,2800.536509444446,2802.0624563396277,1
frye1,2800.6834098181853,2802.4105350275186,1
frye3,2803.638241494051,2805.291179832651,1
frye4,2804.6249204773526,2806.0286552632524,1
frye1,2805.808534845731,2807.583032333331,1
frye4,2808.802209391458,2810.2422452453866,1
frye1,2809.965825613367,2811.591453753967,1
frye3,2811.3239983280223,2812.9991811763557,1
frye4,2812.2240316694665,2814.0281639751333,1
frye1,2813.705187679357,2815.428862873721,1
frye4,2818.116676266923,2819.642623162105,1
frye3,2823.142881193556,2824.5720269221397,1
frye1,2823.1887122506137,2824.8300439090135,1
frye4,2823.502712790096,2825.265998826596,1
frye1,2826.960713908212,2828.735211395812,1
frye3,2827.3921062709487,2829.0485749901027,1
frye4,2829.297591036981,2831.0326731482537,1
frye1,2831.9086518806657,2833.588357225575,1
frye3,2833.173838753302,2834.6386008417185,1
frye4,2834.177020107192,2835.580754893092,1
frye1,2835.811414641058,2837.508336751658,1
frye4,2838.576505892918,2839.8318416441175,1
frye1,2839.959276674144,2841.584904814744,1
frye3,2841.3704313889275,2843.045614237261,1
frye4,2843.198187310622,2844.9642190153218,1
frye1,2843.58551518147,2845.312640390803,1
frye4,2846.717775939202,2848.481061975702,1
frye1,2848.0381841284493,2849.679515786849,1
frye3,2848.568572230412,2850.193170220512,1
frye4,2851.0639346246157,2852.7990167358885,1
frye1,2851.438174699026,2853.1521241781093,1
frye3,2853.7465896744475,2855.037020997614,1
frye4,2855.2589992388253,2856.699035092754,1
frye1,2858.235014577179,2859.914719922088,1
frye4,2859.774027075226,2861.578159380893,1
frye1,2861.9709955547146,2863.7454930423146,1
frye3,2862.1521605925677,2863.805098931168,1
frye4,2864.493475462822,2866.019422358004,1
frye3,2867.1676393724406,2868.632401460857,1
frye4,2869.2929138825657,2871.0589455872655,1
frye1,2871.186089070972,2872.8117172115717,1
frye3,2872.7868331906316,2874.215978919215,1
frye4,2873.354661365316,2875.089743476589,1
frye1,2875.761307935943,2877.4884331452763,1
frye3,2877.3379157871827,2878.9943845063367,1
frye4,2877.38974467759,2879.15303071409,1
frye1,2880.6161939798376,2882.2958993247466,1
frye4,2881.851445413679,2883.2914812676077,1
frye3,2885.2558707128155,2886.931053561149,1
frye4,2885.6732209450265,2887.4773532506933,1
frye4,2890.2860145126783,2891.81196140786,1
frye1,2891.264788603415,2892.988463797779,1
frye3,2892.995101286655,2894.969975658564,1
frye4,2895.1476685021066,2896.9137002068064,1
frye1,2895.330951443894,2897.044900922977,1
frye1,2899.089167261071,2900.714795401671,1
frye4,2900.0004340211613,2901.735516132434,1
frye3,2900.4184060982643,2901.708837421431,1
frye1,2902.181211187541,2903.878133298141,1
frye4,2904.1954992556916,2905.9587852921914,1
frye1,2906.7501447750933,2908.5246422626933,1
frye4,2908.9416111934434,2910.196946944643,1
frye1,2911.036270706124,2912.677602364524,1
frye4,2913.367759910004,2915.133791614704,1
frye3,2913.444719040434,2914.9094811288505,1
frye1,2914.939437594546,2916.666562803879,1
frye4,2917.3050774920275,2919.0401596033003,1
frye1,2918.932922568249,2920.612627913158,1
frye3,2919.5283090419466,2921.1812473805467,1
frye4,2921.980086010043,2923.7433720465433,1
frye1,2922.2574460342594,2924.0319435218594,1
frye3,2925.333261333466,2927.0084441817994,1
frye4,2926.317356845405,2927.7573926993336,1
frye1,2926.499631006171,2928.223306200535,1
frye4,2930.787945431546,2932.592077737213,1
frye1,2930.92401734435,2932.637966823433,1
frye3,2934.319327480738,2935.7484732093217,1
frye1,2935.310697548859,2936.936325689459,1
frye4,2936.627262308369,2938.153209203551,1
frye3,2938.797132198545,2940.7720065704543,1
frye1,2938.821700058119,2940.596197545719,1
frye4,2940.8845424932633,2942.288277279163,1
frye1,2942.696645040988,2944.337976699388,1
frye4,2944.457455920965,2945.7127916721647,1
frye3,2944.90756046047,2946.1979917836366,1
frye1,2946.956139009907,2948.653061120507,1
frye4,2948.35922210278,2950.12525380748,1
frye1,2950.878990154028,2952.362126992182,1
frye3,2951.6877447369648,2953.340683075565,1
frye4,2952.7853714386615,2954.5486574751612,1
frye1,2954.277746912486,2956.052244400086,1
frye4,2956.4116136485445,2958.1466957598172,1
frye3,2958.3750497767955,2959.839811865212,1
frye1,2958.661634050231,2960.287262190831,1
frye4,2961.5754545397394,2963.015490393668,1
frye1,2962.146399973904,2963.920897461504,1
frye4,2965.877173974893,2967.68130628056,1
frye1,2966.2584237638384,2967.982098958202,1
frye3,2968.1738092448804,2969.8302779640344,1
frye4,2970.4277525921816,2972.191038628682,1
frye1,2971.067400738508,2972.781350217591,1
frye3,2974.141300200563,2975.8164830488963,1
frye4,2974.48061222488,2976.006559120062,1
frye1,2976.222106970321,2977.863438628721,1
frye4,2978.2934992858545,2980.0595309905543,1
frye1,2980.267182777005,2981.964104887605,1
frye4,2982.711821414518,2984.4469035257907,1
frye1,2984.1933523843427,2985.907301863426,1
frye3,2985.7047651652692,2987.3514464886025,1
frye1,2988.026594900383,2989.7502700947466,1
frye4,2988.560026761714,2990.364159067381,1
frye3,2990.3487269984853,2991.813489086902,1
frye1,2992.0689233718435,2993.796048581177,1
frye4,2992.5506714440494,2994.076618339231,1
frye3,2995.7125029158487,2997.3689716350027,1
frye4,2996.2746800045043,2998.0379660410044,1
frye1,2996.4364966628477,2998.116202007757,1
frye1,2999.781871949573,3001.556369437173,1
frye4,3000.389754587566,3002.124836698839,1
frye3,3004.1180738339694,3005.408505157136,1
frye1,3005.027552265352,3006.7512274597157,1
frye4,3005.642473980281,3007.0825098342098,1
frye1,3008.377627894634,3010.091577373717,1
frye4,3010.237491847829,3012.003523552529,1
frye3,3010.3177628813123,3011.9423608714123,1
frye1,3012.698737639989,3014.324365780589,1
frye4,3015.1969121878283,3016.72285908301,1
frye3,3015.495780325348,3016.9605424137644,1
frye1,3016.02088115389,3017.7480063632233,1
frye4,3019.6052852032844,3021.3685712397846,1
frye1,3020.021315774005,3021.662647432405,1
frye3,3022.4062664027165,3023.8354121313,1
frye1,3023.594439094673,3025.368936582273,1
frye4,3023.7381354874515,3025.473217598724,1
frye4,3027.924312870929,3029.1796486221288,1
frye1,3028.171098341097,3029.850803686006,1
frye3,3028.986489450839,3030.642958169993,1
frye1,3031.2376923539296,3032.9346144645297,1
frye4,3031.4261251800854,3033.230257485752,1
frye3,3035.766673727334,3037.4418565756673,1
frye4,3035.950040866538,3037.47598776172,1
frye1,3038.4395419295206,3040.0651700701205,1
frye4,3040.0562275995485,3041.819513636048,1
frye1,3042.133393808614,3043.8605190179474,1
frye3,3044.6499214200107,3046.637549016011,1
frye4,3044.7045725674084,3046.144608421337,1
frye1,3046.640357736565,3048.354307215648,1
frye4,3048.766320050159,3050.5323517548586,1
frye3,3050.7434506394543,3052.033881962621,1
frye1,3051.3064645591658,3052.9477962175656,1
frye4,3053.3880014678625,3055.1230835791353,1
frye1,3054.1674521316986,3055.9419496192986,1
frye3,3057.1056783509594,3058.7302763410594,1
frye4,3058.151889106719,3059.5556238926188,1
frye4,3062.355842190301,3063.6111779415005,1
frye3,3065.209391749921,3066.6741538383376,1
frye1,3067.198083452291,3068.921758646655,1
frye4,3067.217495560408,3069.021627866075,1
frye1,3070.89432856533,3072.574033910239,1
frye4,3072.1680280503556,3073.6939749455373,1
frye3,3072.2217741180766,3073.8782428372306,1
frye1,3074.183730671212,3075.958228158812,1
frye4,3076.354204814513,3078.117490851013,1
frye1,3078.3254576482063,3080.0223797588064,1
frye3,3079.0716178220696,3080.746800670403,1
frye4,3081.3669522548244,3082.806988108753,1
frye1,3082.476071604876,3084.101699745476,1
frye4,3085.162064236016,3086.9280959407156,1
frye1,3086.1289681457347,3087.856093355068,1
frye3,3086.8734737018717,3088.5264120404718,1
frye4,3089.437119500693,3091.1722016119656,1
frye3,3093.5143391233705,3094.979101211787,1
frye4,3094.449866941004,3096.2131529775043,1
frye1,3094.803487274057,3096.4448189324567,1
frye1,3098.4386081616917,3100.2131056492917,1
frye4,3099.391510961579,3100.646846712779,1
frye3,3100.436723494262,3101.8658692228455,1
frye1,3102.811419443012,3104.5350946373756,1
frye4,3103.053305190991,3104.857437496658,1
frye1,3106.713175114993,3108.4271245940763,1
frye4,3107.203931174261,3108.7298780694427,1
frye3,3108.7233141271513,3110.013745450318,1
frye1,3111.364076825587,3113.043782170496,1
frye4,3111.8611639921733,3113.624450028673,1
frye3,3114.0870900445157,3115.7116880346157,1
frye1,3114.9788542421834,3116.7059794515167,1
frye4,3116.9450142339006,3118.6800963451733,1
frye1,3119.2164160402635,3120.8420441808635,1
frye4,3121.4244900497724,3123.1905217544722,1
frye1,3122.933499692181,3124.707997179781,1
frye3,3123.9555089400988,3125.630691788432,1
frye1,3126.9951959964587,3128.6365276548586,1
frye4,3127.0327234455663,3128.472759299495,1
frye3,3129.9468763328105,3131.9345039288105,1
frye1,3130.5503264490894,3132.2642759281725,1
frye4,3130.641190574666,3132.4453228803327,1
frye1,3134.642313195723,3136.365988390087,1
frye4,3134.8362551888754,3136.362202084057,1
frye3,3138.235691577237,3139.5261229004036,1
frye4,3138.489161568235,3140.2524476047347,1
frye1,3139.149277123673,3140.8764023330064,1
frye4,3142.648674782237,3144.3837568935096,1
frye3,3142.740334555456,3144.1694802840393,1
frye1,3143.313245597737,3145.02719507682,1
frye1,3147.614954270164,3149.294659615073,1
frye4,3147.8658427747437,3149.3058786286724,1
frye3,3147.8719123811593,3149.5283811003133,1
frye1,3151.721129942712,3153.4180520533123,1
frye4,3152.0875715584293,3153.853603263129,1
frye3,3154.8732692346102,3156.338031323027,1
frye1,3155.702876049698,3157.477373537298,1
frye4,3157.1447576296796,3158.8798397409523,1
frye4,3161.29538361395,3162.69911839985,1
frye1,3164.057431767144,3165.7845569764772,1
frye3,3164.8920324998944,3166.5449708384945,1
frye4,3165.2860276759643,3166.541363427164,1
frye1,3167.8525335247864,3169.5664830038695,1
frye4,3169.756616262105,3171.560748567772,1
frye1,3172.109803066656,3173.8334782610195,1
frye3,3172.1598327688766,3173.83501561721,1
frye4,3174.511616050909,3176.037562946091,1
frye1,3176.171539608646,3177.946037096246,1
frye4,3177.9423238777795,3179.705609914279,1
frye1,3180.41992049998,3182.06125215838,1
frye3,3180.86565540149,3182.5123367248234,1
frye4,3182.288482563193,3184.054514267893,1
frye1,3184.179471777601,3185.876393888201,1
frye4,3186.3502300459436,3188.0853121572163,1
frye3,3188.181501093471,3189.4719324166376,1
frye1,3188.2945352762604,3190.0084847553435,1
frye4,3190.865257263024,3192.3052931169527,1
frye1,3192.747336992584,3194.471012186948,1
frye3,3194.729487278305,3196.354085268405,1
frye4,3194.9181168957225,3196.7222492013893,1
frye1,3196.949927910998,3198.724425398598,1
frye4,3198.9443129782653,3200.470259873447,1
frye3,3201.277473463139,3202.7422355515555,1
frye1,3201.4929579063755,3203.1726632512846,1
frye4,3203.3260224435658,3205.0920541482656,1
frye1,3205.197207263691,3206.924332473024,1
frye4,3207.476648427836,3209.211730539109,1
frye3,3207.7325804113084,3209.3890491304624,1
frye1,3210.3081972850787,3211.9338254256786,1
frye4,3212.4360681475146,3214.1993541840147,1
frye3,3213.166015756171,3214.8411986045044,1
frye1,3213.873700532225,3215.648198019825,1
frye4,3216.83555393324,3218.09088968444,1
frye1,3218.5090130921226,3220.1503447505224,1
frye4,3220.8884135659387,3222.6544452706385,1
frye1,3222.8592935754527,3224.573243054536,1
frye4,3225.918936087033,3227.7230683927,1
frye3,3226.006570225012,3227.4357159535957,1
frye1,3227.45324562955,3229.176920823914,1
frye4,3230.3895246731745,3231.915471568356,1
frye3,3232.3529657828135,3234.3278401547227,1
frye1,3232.355149695517,3234.129647183117,1
frye4,3234.47793508676,3236.2412211232604,1
frye1,3238.093397583166,3239.790319693766,1
frye3,3238.382728510532,3239.6731598336987,1
frye4,3238.521906869407,3239.9619427233356,1
frye1,3242.0660307361527,3243.7457360810618,1
frye4,3242.9302805051843,3244.734412810851,1
frye3,3244.8378354587016,3246.4907737973017,1
frye1,3245.3417107044056,3247.068835913739,1
frye4,3247.5697376229923,3249.304819734265,1
frye1,3249.476966267164,3251.190915746247,1
frye3,3252.175295155182,3253.8504780035155,1
frye4,3252.235858911277,3253.4911946624766,1
frye1,3254.5182609700782,3256.159592628478,1
frye4,3256.377596424174,3258.143628128874,1
frye1,3258.026258666576,3259.800756154176,1
frye4,3260.297138306093,3261.823085201275,1
frye3,3261.648977294942,3263.1137393833587,1
frye4,3264.198904487908,3265.9621905244076,1
frye1,3264.322069102012,3265.947697242612,1
frye1,3267.992689208281,3269.719814417614,1
frye4,3269.8871279138484,3271.622210025121,1
frye3,3269.938449167232,3271.594917886386,1
frye1,3272.9875203655456,3274.7014698446287,1
frye4,3274.4110436013016,3275.8510794552303,1
frye1,3276.913689972884,3278.5933953177932,1
frye4,3278.614996065563,3280.41912837123,1
frye1,3280.2358334867854,3282.0103309743854,1
frye3,3281.1303971852817,3282.805580033615,1
frye4,3282.8989397996124,3284.424886694794,1
frye1,3284.4640161408424,3286.187691335206,1
frye4,3287.333976985546,3288.737711771446,1
frye1,3288.366953975356,3290.0940791846892,1
frye4,3291.395723848976,3293.130805960249,1
frye1,3292.920381448956,3294.634330928039,1
frye3,3295.2463671926057,3296.893048515939,1
frye4,3295.501910581986,3296.941946435915,1
frye1,3297.427345376906,3299.1197315482136,1
frye4,3299.7591907668802,3301.52522247158,1
frye3,3299.7759039456428,3301.2406660340594,1
frye1,3302.096931714628,3303.738263373028,1
frye4,3304.1409002321807,3305.904186268681,1
frye1,3306.6038956425787,3308.3783931301787,1
frye4,3308.4959467676463,3310.021893662828,1
frye3,3308.7155304745825,3310.3401284646825,1
frye1,3311.505799708545,3313.185505053454,1
frye4,3313.0109739847267,3314.8151062903935,1
frye1,3315.199651587639,3316.896573698239,1
frye3,3315.2402968502506,3316.530728173417,1
frye4,3317.9970578748826,3319.7321399861553,1
frye1,3319.03289410368,3320.746843582763,1
frye4,3322.5476371114905,3323.9876729654193,1
frye1,3323.0287590294915,3324.6543871700915,1
frye3,3324.853297845007,3326.506236183607,1
frye1,3326.95492863683,3328.6820538461634,1
frye4,3326.9826736781038,3328.7487053828036,1
frye3,3330.031315289042,3331.7064981373755,1
frye1,3332.4608587962334,3334.1021904546333,1
frye4,3332.510916422429,3334.036863317611,1
frye1,3336.061783584029,3337.836281071629,1
frye4,3336.954840839094,3338.718126875594,1
frye3,3339.2727993371414,3340.701945065725,1
frye1,3340.940455877171,3342.6544053562543,1
frye4,3341.443205125339,3343.2092368300387,1
frye3,3344.2818974373426,3346.256771809252,1
frye4,3346.0293357621554,3347.764417873428,1
frye1,3346.701935537644,3348.425610732008,1
frye4,3349.922211792728,3351.3259465786277,1
frye1,3350.9533499645254,3352.6804751738587,1
frye4,3353.850641524699,3355.1059772758986,1
frye3,3353.924498920937,3355.2149302441035,1
frye1,3355.7855587120184,3357.4652640569275,1
frye4,3357.6901921358294,3359.4943244414962,1
frye1,3359.1077022259205,3360.8821997135205,1
frye4,3361.867481670256,3363.3934285654377,1
frye1,3363.707593245169,3365.348924903569,1
frye4,3366.222528204721,3367.9858142412213,1
frye1,3367.424676897087,3369.13862637617,1
frye3,3370.36412381052,3372.020592529674,1
frye4,3370.488695619346,3372.2237777306186,1
frye1,3372.860911738017,3374.5845869323807,1
frye4,3375.457003810398,3376.860738596298,1
frye3,3377.8176825528312,3379.282444641248,1
frye1,3378.129625964768,3379.531636015368,1
frye4,3380.0520222972664,3381.492058151195,1
frye1,3382.060693776514,3383.7746432555973,1
frye3,3384.063811218506,3385.4929569470896,1
frye4,3384.1404310299827,3385.9064627346825,1
frye1,3386.614121250114,3388.311043360714,1
frye4,3388.59324391602,3390.35652995252,1
frye3,3389.00017194985,3390.6753547981834,1
frye1,3391.4230982247823,3393.048726365382,1
frye4,3393.2415888838796,3394.9766709951523,1
frye1,3395.2331089679983,3397.0076064555983,1
frye3,3397.2758826340046,3398.9288209726046,1
frye4,3397.836607370748,3399.0919431219477,1
frye1,3400.1117812611405,3401.838906470474,1
frye4,3402.2894202567854,3404.0935525624523,1
frye3,3403.8238688188385,3405.288630907255,1
frye1,3404.316732142373,3406.030681621456,1
frye4,3406.751120372554,3408.2770672677357,1
frye1,3408.707537206201,3410.4312124005646,1
frye4,3411.3639145605266,3413.127200597027,1
frye1,3413.1448058156784,3414.8245111605875,1
frye3,3413.9012659969167,3415.57644884525,1
frye4,3416.0211473784384,3417.54709427362,1
frye1,3416.9780483317186,3418.7525458193186,1
frye4,3420.2073247619164,3421.973356466616,1
frye1,3421.6476346694403,3423.28896632784,1
frye3,3423.2006794449558,3425.175553816865,1
frye4,3426.295501442196,3428.0305835534687,1
frye1,3426.6889293723543,3428.4028788514374,1
frye3,3429.92293432151,3431.2133656446767,1
frye4,3430.5794451762454,3431.983179962145,1
frye1,3431.102966209007,3432.799888319607,1
frye4,3434.534538458372,3435.974574312301,1
frye1,3434.912976952223,3436.687474439823,1
frye3,3438.5374835221255,3440.1939522412795,1
frye4,3438.702939522426,3440.5070718280926,1
frye1,3441.952204118042,3443.6793293273754,1
frye4,3443.5823692119575,3445.108316107139,1
frye3,3444.094823881193,3445.5595859696095,1
frye1,3447.2025847763766,3448.9262599707404,1
frye4,3447.279714841577,3449.043000878077,1
frye1,3451.337840339136,3453.0517898182193,1
frye4,3451.8836205591774,3453.61870267045,1
frye3,3454.9074489842105,3456.336594712794,1
frye4,3456.807489498969,3458.573521203669,1
frye1,3457.099319999608,3458.873817487208,1
frye3,3459.249553298267,3460.906022017421,1
frye4,3461.7402456694917,3463.503531705992,1
frye1,3462.326468885118,3464.006174230027,1
frye1,3465.7880030359665,3467.5151282453,1
frye4,3465.9353109030217,3467.6703930142944,1
frye3,3468.4678175372,3469.9325796256167,1
frye1,3470.782834193232,3472.4241658516316,1
frye4,3471.667973580222,3472.923309331422,1
frye1,3474.151441252782,3475.925938740382,1
frye3,3476.8966082644865,3478.5495466030866,1
frye1,3479.2856630469937,3480.999612526077,1
frye3,3483.1427369301614,3484.817919778495,1
frye1,3483.7926269749446,3485.4182551155445,1
frye4,3485.9951872766783,3487.799319582345,1
frye1,3487.8349554464053,3489.5318775570054,1
frye4,3489.9236170076483,3491.327351793548,1
frye1,3492.6671641938988,3494.4416616814988,1
frye4,3493.620962017948,3495.0609978718767,1
frye3,3495.472455597349,3496.7628869205155,1
frye1,3498.035294032989,3499.7589692273527,1
frye4,3498.473728157324,3500.2397598620237,1
frye3,3501.718584263024,3503.343182253124,1
frye1,3501.7972509139217,3503.511200393005,1
frye4,3504.1797279036887,3505.9148100149614,1
frye1,3506.373910160346,3508.1010353696793,1
frye4,3508.5525495189377,3510.315835555438,1
frye3,3509.38112128783,3510.8458833762465,1
frye1,3512.135389820819,3513.776721479219,1
frye4,3514.0274651639515,3515.5534120591333,1
frye1,3515.8292416999125,3517.6037391875125,1
frye3,3518.20464877094,3519.851330094273,1
frye1,3520.591755128932,3522.2886772395323,1
frye4,3520.8266698493885,3522.6308021550553,1
frye3,3522.848610604155,3524.505079323309,1
frye4,3525.5372303869326,3527.0631772821143,1
frye1,3525.8885993329154,3527.6025488119985,1
frye4,3529.3945566981665,3531.1578427346667,1
frye1,3530.813735171707,3532.5374103660706,1
frye3,3533.3207445380563,3534.9959273863897,1
frye4,3533.936248085724,3535.1915838369237,1
frye1,3535.9479569659184,3537.6750821752516,1
frye4,3538.6112572230604,3540.37728892776,1
frye1,3541.128642305779,3542.611779143933,1
frye3,3543.017936363286,3544.9928107351952,1
frye4,3544.1394993480653,3545.9027853845655,1
frye1,3545.7749968706767,3547.50212208001,1
frye4,3548.2812374812834,3550.016319592556,1
frye1,3550.444583208399,3552.158532687482,1
frye3,3550.5962825576185,3551.9768410771185,1
frye4,3552.6984983477923,3554.138534201721,1
frye1,3555.5342707480863,3557.226656919394,1
frye4,3557.2490775844008,3559.0532098900676,1
frye3,3558.6999959565796,3559.990427279746,1
frye1,3560.2716231131567,3561.8972512537566,1
frye4,3562.16405805482,3563.690004950002,1
frye1,3564.1977927204957,3565.9722902080957,1
frye4,3566.7590765416885,3568.5251082463883,1
frye3,3567.662842294686,3569.315780633286,1
frye1,3569.378478060356,3571.092427539439,1
frye4,3571.914029583832,3573.6491116951047,1
frye4,3577.060094155602,3578.8233801921024,1
frye4,3581.770654693146,3583.2106905470746,1
frye4,3586.52565386263,3588.2916855673298,1
frye1,3588.6054143534607,3590.2467460118605,1
frye4,3591.191775149914,3592.926857261187,1
frye1,3593.391159555305,3595.105109034388,1
frye4,3596.8355593255947,3598.3615062207764,1
frye1,3599.5708111266185,3601.2944863209823,1
frye4,3601.083951660437,3602.8472376969366,1
frye3,3603.7479954086953,3605.212757497112,1
frye1,3606.075707517475,3607.701335658075,1
frye4,3606.3011196529437,3608.0362017642165,1
frye3,3609.356223788383,3611.012692507537,1
frye1,3609.862486487866,3611.5896116971994,1
frye4,3612.1137729796114,3613.5175077655113,1
frye1,3614.415913961466,3616.0572456198656,1
frye4,3616.202184013518,3618.006316319185,1
frye1,3618.760255479645,3620.534752967245,1
frye4,3620.9749588821055,3622.5009057772872,1
frye1,3623.917709046681,3625.614631157281,1
frye4,3625.232239065999,3626.9955251024985,1
frye1,3629.307480341962,3630.790617180116,1
frye4,3629.791705533339,3631.047041284539,1
frye3,3632.109099527094,3633.3995308502604,1
frye1,3632.234683717848,3633.961808927181,1
frye3,3636.9974126534894,3638.6220106435894,1
frye1,3637.651845974944,3639.3442321462517,1
frye1,3641.713247030239,3643.427196509322,1
frye1,3646.615151096205,3648.312073206805,1
frye4,3648.7121053331566,3650.5162376388234,1
frye1,3650.866565523087,3652.641063010687,1
frye3,3652.9155378096493,3654.5622191329826,1
frye4,3653.9570360025664,3655.482982897748,1
frye1,3656.418959228139,3658.044587368739,1
frye3,3657.297243986474,3658.953712705628,1
frye1,3660.67037365502,3662.397498864353,1
frye3,3662.7454911616333,3664.21025325005,1
frye1,3665.781363676408,3667.422695334808,1
frye3,3668.780335960665,3670.2094816892486,1
frye1,3669.2661296000806,3670.9800790791637,1
frye4,3669.2796895261636,3671.0147716374363,1
frye1,3673.447848708488,3675.1715239028517,1
frye4,3673.9546987025196,3675.2100344537193,1
frye3,3675.499544548827,3676.7899758719936,1
frye4,3677.6164929329316,3679.3825246376314,1
frye1,3677.676031362545,3679.450528850145,1
frye3,3680.5922765440932,3682.2452148826933,1
frye1,3682.6476307469857,3684.3445528575858,1
frye3,3685.578355932797,3687.2535387811304,1
frye4,3685.917744899472,3687.3214796853717,1
frye1,3686.8605917455184,3688.343728583672,1
frye4,3689.241800826909,3690.976882938182,1
frye1,3690.920470560222,3692.647595769555,1
frye3,3692.324228095068,3693.704786614568,1
frye4,3693.5612960001868,3695.0013318541155,1
frye1,3695.448337573278,3697.162287052361,1
frye3,3697.025896538876,3699.0007709107854,1
frye4,3697.7563612347167,3699.5604935403835,1
frye1,3700.347433054493,3701.988764712893,1
frye4,3702.7157815747164,3704.241728469898,1
frye3,3702.740779023901,3704.0312103470674,1
frye1,3704.346106565056,3706.120604052656,1
frye4,3706.750865507311,3708.516897212011,1
frye1,3709.526791904917,3711.2504670992807,1
frye4,3711.6569587469985,3713.4202447834987,1
frye1,3714.110798618536,3715.8379238278694,1
frye4,3715.7986969192366,3717.5337790305093,1
frye3,3717.9478768158206,3719.412638904237,1
frye1,3718.424560896696,3720.050189037296,1
frye4,3720.242621955222,3721.646356741122,1
frye1,3722.861829506173,3724.575778985256,1
frye4,3724.1532759870893,3725.408611738289,1
frye3,3724.969272080959,3726.622210419559,1
frye1,3728.1819054829807,3729.878827593581,1
frye4,3728.241687019996,3730.0458193256627,1
frye3,3730.4175192561183,3732.0927021044517,1
frye4,3733.3255372607227,3734.8514841559045,1
frye1,3734.640338328188,3736.414835815788,1
frye3,3736.9678588937736,3738.614540217107,1
frye4,3738.0005464370793,3739.766578141779,1
frye1,3739.626443393596,3741.267775051996,1
frye3,3742.5494236993527,3744.1740216894527,1
frye4,3742.640004175208,3744.403290211708,1
frye1,3744.4209146872977,3746.148039896631,1
frye4,3746.9239479102575,3748.6590300215303,1
frye3,3748.8597916012523,3750.150222924419,1
frye1,3749.3460505260887,3751.060000005172,1
frye4,3751.3145458449308,3752.7545816988595,1
frye3,3753.703665517508,3755.1328112460915,1
frye1,3753.792026053553,3755.5157012479167,1
frye4,3756.2561904848267,3758.0603227904935,1
frye1,3758.731686747181,3760.506184234781,1
frye4,3760.9667510623913,3762.492697957573,1
frye3,3762.413750772966,3764.07021949212,1
frye1,3764.191153360936,3765.6742901990897,1
frye4,3765.552881699208,3767.3161677357075,1
frye1,3767.6294557389606,3769.356580948294,1
frye3,3768.733006515893,3770.4081893642265,1
frye4,3770.1567880361285,3771.8918701474013,1
frye4,3774.7606943740493,3776.526726078749,1
frye1,3776.542428292949,3778.2348144642565,1
frye3,3776.767615728199,3778.2323778166156,1
frye4,3780.075628717128,3781.8107108284007,1
frye1,3780.1281495185344,3781.8420989976175,1
frye3,3782.953553840706,3784.606492179306,1
frye1,3785.4482254953423,3787.073853635942,1
frye4,3786.088500580642,3787.492235366542,1
frye3,3788.1973806492215,3789.487811972388,1
frye1,3789.2814680113834,3790.9783901219835,1
frye4,3790.603528456063,3791.8588642072627,1
frye3,3793.49453455793,3795.11913254803,1
frye1,3793.8813590306313,3795.6558565182313,1
frye4,3795.5807244961666,3797.3467562008664,1
frye1,3798.7600313237735,3800.4013629821734,1
frye3,3799.484940097797,3800.9497021862135,1
frye4,3800.735677537309,3802.470759648582,1
frye1,3803.277294511387,3804.99124399047,1
frye4,3805.321808175126,3806.761844029055,1
frye3,3807.0307180445875,3808.6871867637415,1
frye1,3808.0527404535687,3809.779865662902,1
frye4,3810.1745743135016,3811.9378603500018,1
frye1,3812.559704381519,3814.2520905528268,1
frye4,3815.3473030947684,3816.87324998995,1
frye1,3817.1789222014622,3818.9534196890622,1
frye4,3819.666798230027,3821.4709305356937,1
frye1,3821.968572375437,3823.4517092135907,1
frye4,3825.3016951749755,3826.8276420701573,1
frye1,3826.0805961653705,3827.7775182759706,1
frye4,3830.190012714559,3831.925094825832,1
frye1,3830.527501383403,3832.2546265927363,1
frye1,3835.0248287027994,3836.666160361199,1
frye4,3835.131657393475,3836.894943429975,1
frye1,3839.0439254014345,3840.7578748805176,1
frye4,3840.553245937177,3841.8085816883768,1
frye1,3844.3285748,3846.0209609713074,1
frye4,3845.7793017797353,3847.545333484435,1
frye1,3849.042056395315,3850.816553882915,1
frye4,3852.071899630531,3853.5978465257126,1
frye1,3853.9692158237726,3855.5948439643726,1
frye4,3856.2847405651646,3857.6884753510644,1
frye1,3858.024283799041,3859.751409008374,1
frye3,3860.2422286243022,3861.8889099476355,1
frye4,3860.4620301376112,3862.197112248884,1
frye1,3863.081946212424,3864.795895691507,1
frye4,3865.616983178754,3867.0570190326825,1
frye1,3868.285629893947,3870.0093050883106,1
frye4,3870.3630951175064,3872.1672274231732,1
frye1,3872.451214723048,3874.225712210648,1
frye3,3875.484877784334,3876.9140235129175,1
frye4,3875.5180481596494,3877.043995054831,1
frye1,3877.353118789014,3878.8362556271677,1
frye4,3880.370814298025,3882.1368460027247,1
frye1,3880.884348258336,3882.581270368936,1
frye3,3882.204086420521,3883.860555139675,1
frye4,3884.3881225695354,3886.151408606035,1
frye1,3884.9731402754464,3886.6870897545296,1
frye4,3889.152010208392,3890.8870923196646,1
frye1,3889.52771889261,3891.16905055101,1
frye3,3891.9984884053933,3893.3790469248934,1
frye1,3893.89414104005,3895.66863852765,1
frye4,3896.280065966072,3897.7201018200008,1
frye1,3898.981899288613,3900.7055744829768,1
frye4,3900.9195237032004,3902.7236560088672,1
frye3,3903.232720801801,3904.879402125134,1
frye1,3904.321766461167,3906.0488916705003,1
frye4,3905.9322711825316,3907.4582180777134,1
frye3,3908.236575874561,3909.9117587228943,1
frye1,3909.459428832456,3911.085056973056,1
frye4,3910.785037321908,3912.548323358408,1
frye1,3913.6858825345134,3915.4603800221134,1
frye4,3916.277728667026,3917.533064418226,1
frye1,3919.2864687372144,3920.9833908478145,1
frye4,3921.8948499118706,3923.6608816165704,1
frye1,3924.769167123793,3926.483116602876,1
frye4,3926.889821691099,3928.6249038023716,1
frye3,3929.0341263621126,3930.6870647007127,1
frye1,3930.000811235273,3931.7244864296367,1
frye4,3931.120438325837,3932.5241731117367,1
frye1,3934.22449866336,3935.9516238726933,1
frye4,3934.9599895562874,3936.400025410216,1
frye3,3936.686558413239,3938.1513205016554,1
frye4,3939.4394659924806,3941.2435982981474,1
frye1,3939.5213428673424,3941.162674525742,1
frye3,3943.699065789325,3945.1282115179083,1
frye1,3944.16769743224,3945.94219491984,1
frye4,3946.33643764881,3947.8623845439915,1
frye1,3949.18576036233,3950.88268247293,1
frye4,3950.673708523192,3952.436994559692,1
frye1,3954.52348342518,3956.2506086345134,1
frye4,3955.7575587639185,3957.4926408751912,1
frye3,3958.026267218474,3959.406825737974,1
frye1,3959.314813313806,3960.994518658715,1
frye4,3960.237035200112,3962.041167505779,1
frye1,3963.194519375496,3964.969016863096,1
frye4,3964.8409415370324,3966.096277288232,1
frye1,3968.4913635794783,3970.2053130585614,1
frye4,3969.782586176928,3971.5486178816277,1
frye1,3973.811439556286,3975.53511475065,1
frye4,3974.1731841516216,3975.6991310468034,1
frye1,3977.9466951190448,3979.673820328378,1
frye4,3978.2082680842163,3979.971554120716,1
frye3,3980.3436386968124,3981.9903200201456,1
frye1,3982.6162814567674,3984.2419095973673,1
frye4,3982.7766230209286,3984.5117051322013,1
frye3,3985.6763424278347,3987.651216799744,1
frye1,3986.286901563036,3988.061399050636,1
frye4,3987.8249218624483,3989.264957716377,1
frye1,3991.444355130072,3993.141277240672,1
frye4,3991.8422300949387,3993.6463624006055,1
frye1,3996.021014376496,3997.7349638555793,1
frye4,3996.2328280686324,3997.758774963814,1
frye3,3998.181536237245,3999.6462983256615,1
frye4,4000.3923419029547,4002.1583736076545,1
frye1,4001.4804809902503,4003.12181264865,1
frye3,4003.700886148628,4005.1300318772114,1
frye4,4005.0140239399793,4006.777309976479,1
frye1,4005.56927300736,4007.34377049496,1
frye3,4008.2514613249846,4009.9079300441385,1
frye4,4010.008995680186,4011.744077791459,1
frye1,4010.819653665695,4012.302790503849,1
frye4,4015.0217431214983,4016.461778975427,1
frye1,4015.163995183874,4016.891120393207,1
frye4,4018.8257429907617,4020.6298752964285,1
frye1,4019.9265086128935,4021.6501838072572,1
frye3,4021.6365514971662,4023.2832328204995,1
frye1,4023.48096985504,4025.194919334123,1
frye4,4024.0340231332166,4025.5599700283983,1
frye3,4025.8760521535187,4027.551235001852,1
frye4,4027.2692005591334,4029.035232263833,1
frye1,4029.056595332917,4030.6979269913168,1
frye4,4031.8020040956385,4033.565290132138,1
frye1,4032.564593029415,4034.339090517015,1
frye4,4037.40134964138,4039.1364317526527,1
frye1,4037.97759609752,4039.67451820812,1
frye4,4041.774171914969,4043.177906700869,1
frye1,4045.411763401356,4047.1388886106893,1
frye4,4045.915910049188,4047.1712458003876,1
frye3,4047.615713899038,4048.9061452222045,1
frye4,4050.057648182406,4051.861780488073,1
frye1,4050.429826331445,4052.143775810528,1
frye3,4053.046185438166,4054.670783428266,1
frye4,4054.2704891160397,4055.7964360112214,1
frye1,4055.494352807184,4057.268850294784,1
frye4,4058.2522459483225,4060.0182776530223,1
frye1,4060.5356475100975,4062.1769791684974,1
frye3,4062.627279213367,4064.0920413017834,1
frye4,4063.24721772755,4064.9822998388227,1
frye1,4065.832491714081,4067.546441193164,1
frye4,4069.2554043766822,4070.695440230611,1
frye1,4071.082872372415,4072.7752585437224,1
frye4,4073.3793668097965,4075.1834991154633,1
frye3,4073.4437830334587,4074.872928762042,1
frye1,4075.427213890594,4077.201711378194,1
frye4,4078.7654039532904,4080.291350848472,1
frye3,4080.5451688298244,4082.220351678158,1
frye1,4080.8402169587,4082.519922303609,1
frye4,4083.0493476883403,4084.8126337248405,1
frye1,4084.859313657336,4086.586438866669,1
frye3,4085.753444318253,4087.134002837753,1
frye4,4088.0798693209754,4089.814951432248,1
frye1,4090.434939135213,4092.148888614296,1
frye3,4090.5795425494525,4092.2324808880526,1
frye4,4092.968186860559,4094.4082227144877,1
frye1,4094.895439517514,4096.619114711878,1
frye4,4096.80773809201,4098.211472877911,1
frye3,4100.013381588,4101.3038129111665,1
frye1,4100.192283721497,4101.9667812090975,1
frye4,4102.300429436128,4103.555765187328,1
frye1,4105.024492468991,4106.7214145795915,1
frye4,4106.797681572425,4108.563713277125,1
frye3,4106.910952360413,4108.557633683747,1
frye1,4110.04255539908,4111.66818353968,1
frye4,4111.970410352692,4113.733696389192,1
frye1,4114.293969825961,4116.021095035294,1
frye3,4114.541164806969,4116.197633526123,1
frye4,4116.609868090821,4118.344950202094,1
frye1,4119.358496301699,4121.072445780783,1
frye3,4120.4434226890335,4122.118605537366,1
frye4,4121.320428628364,4122.760464482293,1
frye1,4123.882012516132,4125.137694186132,1
frye4,4126.4220545701955,4128.226186875862,1
frye1,4127.721934518515,4129.496432006115,1
frye3,4129.686046206921,4131.66092057883,1
frye4,4130.54601704233,4132.071963937512,1
frye1,4132.786460994253,4134.510136188616,1
frye4,4134.758857975964,4136.522144012464,1
frye3,4137.045179422098,4138.425737941598,1
frye1,4137.781292151518,4139.508417360851,1
frye4,4139.807156817484,4141.542238928757,1
frye3,4142.306781962694,4143.771544051111,1
frye1,4142.497342034889,4143.980478873043,1
frye4,4144.5888201554435,4146.354851860144,1
frye1,4147.236623691084,4149.011121178684,1
frye4,4149.441586294819,4150.696922046019,1
frye3,4151.603464791999,4153.256403130598,1
frye1,4153.3233481711,4155.037297650184,1
frye4,4153.974389870345,4155.778522176011,1
frye3,4158.820392535729,4160.110823858896,1
frye4,4159.111567212383,4160.637514107565,1
frye1,4159.874708107605,4161.567094278913,1
frye1,4163.917036579067,4165.6309860581505,1
frye4,4164.835342658853,4166.598628695353,1
frye3,4167.770449524942,4169.199595253525,1
frye1,4168.865404190682,4170.562326301282,1
frye4,4169.634781696916,4171.36986380819,1
frye1,4174.208711940314,4175.834340080914,1
frye3,4174.320789162598,4175.785551251015,1
frye4,4174.61197773802,4176.052013591949,1
frye1,4177.693477863988,4179.420603073321,1
frye4,4181.331192431329,4183.09722413603,1
frye3,4183.884107205718,4185.530788529051,1
frye1,4184.268069573317,4186.0425670609175,1
frye4,4185.828444567626,4187.354391462808,1
frye4,4189.756874298598,4191.520160335098,1
frye1,4190.633575327227,4192.274906985627,1
frye3,4192.2831179891955,4193.958300837528,1
frye4,4194.645191838181,4195.9005275893805,1
frye1,4195.46578407472,4197.179733553804,1
frye4,4198.555845909068,4200.321877613768,1
frye1,4200.158602185266,4201.88227737963,1
frye3,4202.628566180803,4204.6034405527125,1
frye4,4203.8885559522505,4205.623638063524,1
frye1,4205.37542557961,4206.858562417764,1
frye4,4208.2969295880275,4209.700664373928,1
frye1,4210.4735093193385,4212.170431429939,1
frye4,4212.829733124533,4214.269768978462,1
frye1,4215.050168565763,4216.824666053363,1
frye3,4215.2937411467165,4216.584172469883,1
frye4,4217.451415161557,4219.255547467224,1
frye3,4220.7953154220695,4222.448253760669,1
frye1,4221.067714200166,4222.693342340766,1
frye4,4222.410835540577,4223.936782435759,1
frye1,4224.877208470521,4226.604333679854,1
frye4,4226.925863377978,4228.689149414478,1
frye3,4229.603166891809,4231.259635610963,1
frye1,4230.057893810382,4231.750279981689,1
frye4,4233.911713533827,4235.167049285027,1
frye1,4234.076990509018,4235.790939988102,1
frye3,4236.206833581633,4237.882016429966,1
frye4,4237.395750762199,4239.161782466899,1
frye1,4239.815238396666,4241.29837523482,1
frye4,4242.817339344921,4244.552421456194,1
frye1,4243.3696996388135,4245.144197126414,1
frye3,4246.152328880981,4247.799010204315,1
frye4,4247.918965285752,4249.682251322252,1
frye1,4248.620080297147,4250.317002407747,1
frye3,4251.591688214113,4253.05645030253,1
frye1,4253.150275997922,4254.877401207255,1
frye4,4253.429432330974,4254.869468184903,1
frye3,4256.871064892967,4258.300210621551,1
frye4,4257.642273264608,4259.446405570275,1
frye1,4258.168338928012,4259.809670586413,1
frye3,4262.070452491343,4264.045326863252,1
frye4,4262.086198300593,4263.612145195775,1
frye1,4262.861157038558,4264.575106517642,1
frye4,4266.690104676534,4268.453390713034,1
frye1,4268.785259108802,4270.508934303166,1
frye3,4270.460573886994,4271.751005210161,1
frye4,4271.027375511896,4272.793407216596,1
frye1,4273.454845446525,4275.181970655858,1
frye3,4275.908821110178,4277.3379668387615,1
frye4,4275.9690201517915,4277.704102263065,1
frye1,4278.751689650507,4280.526187138107,1
frye3,4280.859349130769,4282.515817849923,1
frye4,4281.035094693414,4282.839226999081,1
frye1,4285.117195404417,4286.758527062817,1
frye4,4286.403356136805,4287.807090922705,1
frye3,4288.99172310661,4290.666905954943,1
frye1,4289.554464013893,4291.268413492977,1
frye4,4291.433879316241,4292.68921506744,1
frye1,4295.17655303742,4296.87347514802,1
frye4,4295.753374450497,4297.519406155197,1
frye4,4300.819448992122,4302.554531103395,1
frye1,4300.914800925068,4302.689298412669,1
frye3,4301.544573538119,4303.197511876719,1
frye4,4304.872308624819,4306.635594661319,1
frye1,4307.047988950733,4308.740375122041,1
frye4,4309.618420563572,4311.422552869239,1
frye1,4311.9498930167,4313.663842495784,1
frye4,4314.204551239409,4315.730498134591,1
frye3,4316.650686109973,4318.11544819839,1
frye1,4317.409359630455,4319.089064975364,1
frye4,4318.8262332764325,4320.229968062333,1
frye1,4321.823396467107,4323.55052167644,1
frye4,4324.1944947198235,4325.634530573752,1
frye1,4326.6323734417765,4328.406870929377,1
frye4,4328.673971156016,4330.440002860716,1
frye3,4330.916524533971,4332.563205857305,1
frye1,4331.325191552322,4332.950819692923,1
frye4,4333.491185895184,4335.226268006457,1
frye1,4335.646301297677,4337.360250776761,1
frye4,4341.143566872953,4342.3989026241525,1
frye1,4341.175463229905,4342.899138424269,1
frye3,4341.706364827979,4343.681239199888,1
frye1,4345.008705745945,4346.735830955278,1
frye3,4347.990067658996,4349.3706261784955,1
frye4,4348.584602230122,4350.388734535789,1
frye1,4349.794450947789,4351.56894843539,1
frye3,4351.749624844836,4353.040056168003,1
frye4,4352.2548438076465,4353.780790702828,1
frye1,4354.417573739863,4355.9007105780165,1
frye3,4357.064554389576,4358.717492728176,1
frye4,4357.2574324162315,4359.020718452732,1
frye1,4358.320511574377,4360.017433684977,1
frye4,4362.322867616025,4364.057949727298,1
frye3,4362.3350447712,4363.799806859617,1
frye1,4363.15272032187,4364.7940519802705,1
frye4,4367.074069861776,4368.514105715704,1
frye1,4367.1021217020325,4368.816071181116,1
frye3,4370.014140349411,4371.443286077994,1
frye4,4371.297361436134,4373.063393140835,1
frye1,4372.213348839478,4373.905735010786,1
frye3,4374.138099059399,4375.794567778553,1
frye1,4376.139281330758,4377.913778818359,1
frye4,4376.488489816344,4378.251775852844,1
frye1,4381.041185396725,4382.666813537326,1
frye4,4381.767603423846,4383.502685535119,1
frye1,4385.1996727323085,4386.926797941642,1
frye3,4387.007694391957,4388.68287724029,1
frye4,4387.222688173288,4388.478023924487,1
frye1,4389.125842339648,4390.8055476845575,1
frye1,4392.169204579654,4393.943702067255,1
frye4,4392.413816553497,4394.217948859164,1
frye3,4394.864546810727,4396.511228134061,1
frye4,4396.775369937956,4398.301316833138,1
frye1,4396.874283851776,4398.515615510177,1
frye3,4399.672869358871,4401.64774373078,1
frye1,4400.927582934486,4402.64153241357,1
frye4,4402.09219218794,4403.85547822444,1
frye1,4404.923447860298,4406.647123054662,1
frye4,4406.83082511665,4408.565907227923,1
frye3,4408.916225136008,4410.206656459174,1
frye1,4409.895047244739,4411.622172454072,1
frye4,4411.49404213611,4412.9340779900385,1
frye3,4413.715659842123,4415.368598180723,1
frye1,4414.61109712811,4416.23672526871,1
frye4,4416.48406211501,4418.25009381971,1
frye1,4419.048365737587,4420.822863225188,1
frye4,4421.53692799576,4423.062874890942,1
frye1,4424.531064124166,4426.210769469075,1
frye1,4427.899671183716,4429.596593294316,1
frye4,4428.638592729305,4430.401878765805,1
frye1,4432.360171566018,4434.0741210451015,1
frye4,4433.226394528871,4434.961476640145,1
frye3,4435.606413356321,4437.281596204654,1
frye1,4436.681281311373,4438.322612969773,1
frye4,4438.794602452332,4440.23463830626,1
frye1,4441.885198424057,4443.659695911658,1
frye4,4442.942477429082,4444.746609734749,1
frye3,4444.698675818981,4446.127821547565,1
frye4,4447.014936497583,4448.540883392765,1
frye1,4449.017352681176,4450.7313021602595,1
frye3,4449.77363367599,4451.748508047899,1
frye4,4452.256342839317,4454.019628875817,1
frye1,4453.942488519966,4455.66616371433,1
frye4,4457.560595081902,4459.295677193175,1
frye1,4459.796895271737,4461.422523412338,1
frye3,4460.287950867129,4461.578382190296,1
frye4,4463.065956415154,4464.831988119854,1
frye1,4464.512945155109,4466.2400703644425,1
frye3,4466.4116740374175,4468.058355360751,1
frye4,4469.212353660887,4470.467689412087,1
frye1,4470.0885706329855,4471.863068120586,1
frye3,4472.242098468805,4473.898567187959,1
frye4,4474.868546811638,4476.672679117305,1
frye1,4475.54803724674,4477.18936890514,1
frye1,4480.31055067576,4482.024500154844,1
frye4,4480.713280422372,4482.239227317554,1
frye3,4483.271910498568,4484.947093346901,1
frye1,4488.581061801277,4490.304736995641,1
frye3,4490.008894770786,4491.389453290286,1
frye1,4493.808210686787,4495.53533589612,1
frye3,4494.914983629263,4496.37974571768,1
frye1,4498.988896026648,4500.668601371557,1
frye4,4499.529550324109,4501.05549721929,1
frye1,4502.613052587268,4504.387550074868,1
frye3,4504.940469458838,4506.369615187422,1
frye4,4507.649329825029,4509.384411936302,1
frye1,4509.954292799805,4511.579920940406,1
frye3,4509.970988105707,4511.9586157017075,1
frye4,4513.066706619345,4514.470441405245,1
frye1,4513.439058723479,4515.135980834079,1
frye4,4516.083342966345,4517.523378820274,1
frye1,4516.784434010205,4518.498383489288,1
frye4,4519.389073630306,4521.155105335006,1
frye1,4521.059080209911,4522.73878555482,1
frye3,4525.578038789887,4527.202636779986,1
frye1,4525.775130093282,4527.502255302616,1
frye4,4525.786856548515,4527.521938659788,1
frye4,4529.75876176104,4531.0140975122395,1
frye1,4530.212398702759,4531.853730361159,1
frye3,4532.4216772144655,4533.8864393028825,1
frye1,4534.974912131779,4536.74940961938,1
frye4,4535.0504446865825,4536.854576992249,1
frye4,4538.921794664418,4540.447741559599,1
frye1,4538.924313511941,4540.549941652542,1
frye3,4541.638369466519,4543.294838185673,1
frye4,4542.931407142711,4544.694693179211,1
frye1,4543.593899849664,4545.307849328748,1
frye4,4547.46893166911,4549.204013780383,1
frye3,4549.530773205376,4551.205956053709,1
frye1,4550.77251765243,4552.496192846794,1
frye4,4552.748045276612,4554.151780062512,1
frye4,4556.94619752553,4558.386233379459,1
frye1,4557.881440136724,4559.655937624325,1
frye3,4558.471942352561,4560.459569948562,1
frye4,4561.911078868346,4563.677110573046,1
frye1,4564.618654255824,4566.298359600733,1
frye3,4565.520001144784,4566.810432467951,1
frye4,4566.3103402079305,4568.073626244431,1
frye1,4568.707446272934,4570.404368383534,1
frye4,4570.89814131914,4572.633223430414,1
frye3,4571.270434949895,4572.699580678479,1
frye1,4575.444660392036,4577.085992050436,1
frye4,4576.579473794332,4577.834809545532,1
frye3,4577.474148747459,4578.938910835876,1
frye4,4581.154705586499,4582.958837892166,1
frye3,4583.695638181054,4585.352106900208,1
frye4,4586.534373739335,4588.297659775835,1
frye1,4588.454453173749,4590.08008131435,1
frye4,4591.097036213461,4592.622983108643,1
frye1,4593.263430148418,4595.037927636018,1
frye4,4595.747684603236,4597.513716307936,1
frye3,4598.67165212727,4600.346834975603,1
frye4,4600.800550484988,4602.535632596261,1
frye1,4601.049726675856,4602.5328635140095,1
frye4,4607.097778858865,4608.537814712794,1
frye1,4607.3217988227325,4609.01418499404,1
frye3,4608.590483900535,4609.971042420035,1
frye4,4611.057114752347,4612.861247058014,1
frye3,4613.016629240476,4614.991503612385,1
frye1,4613.216793138422,4614.9307426175055,1
frye4,4616.084841998017,4617.610788893198,1
frye1,4617.587096295656,4619.314221504989,1
frye3,4620.126902926894,4621.773584250228,1
frye4,4620.3332715191,4622.0965575556,1
frye1,4622.233450860554,4623.874782518954,1
frye3,4624.65970237117,4625.950133694337,1
frye1,4626.1131569222425,4627.887654409843,1
frye4,4628.264511936751,4629.5198476879505,1
frye1,4630.829206805614,4632.5261289162145,1
frye4,4633.292239181419,4635.058270886119,1
frye3,4635.5917481376255,4637.244686476225,1
frye1,4636.9350318318575,4638.648981310941,1
frye4,4638.5587834708795,4640.293865582153,1
frye3,4640.613378894442,4642.078140982859,1
frye1,4641.376431667931,4643.002059808531,1
frye4,4642.9706148168625,4644.374349602763,1
frye1,4645.8601638230575,4647.587289032391,1
frye3,4646.434915483801,4647.8640612123845,1
frye4,4649.481521598447,4650.736857349647,1
frye1,4650.854994980322,4652.629492467922,1
frye3,4651.154359611665,4652.829542459998,1
frye4,4653.767659074657,4655.533690779357,1
frye1,4656.779097050567,4658.471483221874,1
frye4,4658.63198587314,4660.3952719096405,1
frye3,4661.188733331293,4662.845202050447,1
frye1,4661.983014163251,4663.696963642335,1
frye4,4663.345480164767,4665.08056227604,1
frye1,4667.117235957463,4668.796941302372,1
frye4,4668.461192636726,4669.901228490655,1
frye1,4670.834319609382,4672.608817096982,1
frye4,4673.287811480084,4675.091943785751,1
frye1,4676.177627359013,4677.818959017413,1
frye4,4677.775058045961,4679.301004941142,1
frye1,4680.614895968491,4682.328845447574,1
frye4,4683.682637558546,4685.445923595046,1
frye1,4685.958203718123,4687.655125828723,1
frye4,4688.810918494105,4690.546000605378,1
frye1,4691.603524514473,4693.3780220020735,1
frye4,4694.341418463441,4695.78145431737,1
frye1,4697.039759355403,4698.766884564736,1
frye4,4699.469700253442,4701.235731958142,1
frye1,4702.475994196334,4704.189943675417,1
frye4,4704.698537276134,4706.433619387407,1
frye1,4708.72534108612,4710.449016280484,1
frye4,4712.931440639428,4714.335175425328,1
frye1,4713.255536786895,4714.982661996229,1
frye1,4718.389758581107,4719.872895419261,1
frye4,4720.133660606662,4721.659607501843,1
frye1,4722.385623506919,4724.160120994519,1
frye4,4724.055287857663,4725.85942016333,1
frye1,4727.380454664184,4729.021786322584,1
frye4,4728.8064901044145,4730.569776140915,1
frye1,4732.189431638852,4733.886353749452,1
frye4,4734.63865370775,4736.373735819023,1
frye1,4737.788288889555,4739.502238368638,1
frye4,4739.9806145938155,4741.420650447744,1
frye1,4743.387146140255,4745.028477798655,1
frye4,4744.128489571567,4745.894521276267,1
frye1,4747.638560567137,4749.413058054737,1
frye4,4749.483019087319,4751.008965982501,1
frye1,4753.492967318908,4754.976104157062,1
frye1,4756.791879059984,4758.5190042693175,1
frye4,4758.105572000261,4759.909704305928,1
frye1,4761.600856034654,4763.013356373153,1
frye4,4763.912596968513,4765.675883005013,1
frye1,4766.572455419094,4768.198083559694,1
frye1,4769.964294251469,4771.73879173907,1
frye4,4770.624613529122,4772.359695640395,1
frye4,4775.074152139873,4776.840183844573,1
frye1,4775.191443136979,4776.888365247579,1
frye4,4779.1466112083735,4780.401946959573,1
frye1,4780.650909750733,4782.364859229817,1
frye4,4783.1059464135005,4784.910078719167,1
frye1,4786.22653522861,4787.867866887011,1
frye4,4788.875264115984,4790.401211011165,1
frye1,4790.896121566332,4792.623246775665,1
frye4,4793.802436816319,4795.565722852819,1
frye1,4796.680832999629,4798.373219170937,1
frye4,4798.352529972403,4799.792565826332,1
frye1,4801.6524323840695,4803.42692987167,1
frye4,4804.775452216053,4806.301399111235,1
frye1,4807.367448498893,4809.047153843802,1
frye4,4809.790610142681,4811.556641847381,1
frye1,4812.037034836615,4813.764160045948,1
frye4,4815.145139658432,4816.880221769705,1
frye1,4817.194488403652,4818.908437882736,1
frye4,4820.57508577179,4821.83042152299,1
frye1,4822.398405516336,4824.090791687644,1
frye4,4825.137748246917,4826.941880552584,1
frye1,4827.555859083373,4829.330356570974,1
frye4,4829.763257311251,4831.289204206433,1
frye4,4833.973978024769,4835.737264061269,1
frye1,4834.502159157895,4836.1434908162955,1
frye4,4838.385808682396,4840.120890793669,1
frye1,4839.45052676951,4841.164476248594,1
frye4,4843.061595019897,4844.501630873826,1
frye1,4845.4675559310535,4847.164478041654,1
frye4,4847.485994995565,4849.252026700266,1
frye1,4850.137142268775,4851.762770409376,1
frye1,4853.226968054432,4855.001465542033,1
frye4,4855.040155869966,4856.566102765148,1
frye1,4858.663202895362,4860.390328104695,1
frye4,4861.689325151009,4863.093059936909,1
frye1,4865.679198288357,4867.402873482721,1
frye4,4867.710029215325,4869.514161520992,1
frye1,4869.977076260887,4871.69102573997,1
frye4,4873.366222365077,4874.621558116277,1
frye1,4876.249654923498,4877.976780132832,1
frye4,4876.7096609831615,4878.475692687862,1
frye4,4881.423155964145,4883.186442000645,1
frye1,4882.475770040462,4884.117101698862,1
frye1,4886.889806877114,4888.664304364715,1
frye4,4887.40615138498,4889.141233496253,1
frye1,4891.559393214836,4893.256315325436,1
frye4,4895.412807022525,4897.216939328192,1
frye1,4897.088555147064,4898.768260491973,1
frye4,4899.988039504048,4901.51398639923,1
frye1,4900.7591752533335,4902.486300462667,1
frye4,4904.36216220655,4906.12544824305,1
frye1,4906.056019457316,4907.77969465168,1
frye4,4909.0253792270105,4910.760461338284,1
frye1,4911.074082387406,4912.788031866489,1
frye4,4915.22205374491,4916.662089598839,1
frye1,4916.974952684825,4918.749450172426,1
frye4,4920.136657126202,4921.902688830903,1
frye1,4923.5727761669805,4925.214107825381,1
frye1,4929.032242780734,4930.729164891334,1
frye1,4935.049271942276,4936.823769429877,1
frye1,4940.926910466872,4942.568242125272,1
frye1,4945.991436942611,4947.718562151944,1
frye1,4952.171088513924,4953.885037993007,1
frye1,4957.17826169839,4958.870647869698,1
frye1,4964.321305701131,4966.095803188731,1
frye1,4969.316136858395,4970.9417649989955,1
frye1,4973.823100786346,4975.550225995679,1
frye1,4978.028051667578,4979.742001146662,1
frye3,4981.14215441952,4982.817337267853,1
frye1,4982.860260415072,4984.583935609436,1
frye3,4985.541636233376,4987.529263829377,1
frye1,4988.435885892949,4990.163011102282,1
frye3,4990.901004988256,4992.365767076673,1
frye1,4993.686266551283,4995.169403389436,1
frye3,4996.411467105636,4998.06793582479,1
frye1,4997.333654884727,4999.108152372328,1
frye1,5002.398181360465,5004.095103471065,1
frye3,5002.517414592868,5003.807845916034,1
frye3,5006.899120770692,5008.328266499276,1
frye1,5007.183926562309,5008.897876041393,1
frye1,5011.714122263085,5013.355453921486,1
frye3,5011.716331160864,5013.691205532773,1
frye1,5016.639258101876,5018.413755589477,1
frye3,5018.808829162227,5020.189387681727,1
frye3,5022.319526771284,5023.9947096196165,1
frye1,5022.3542742167,5024.077949411064,1
frye1,5026.86123814465,5028.588363353983,1
frye3,5027.909977922119,5029.562916260718,1
frye1,5032.251009439931,5033.93071478484,1
frye3,5033.100477677464,5034.565239765881,1
frye1,5035.991324864674,5037.765822352275,1
frye3,5039.739695735401,5041.396164454555,1
frye1,5041.474023251253,5043.115354909653,1
frye1,5045.980987179203,5047.694936658287,1
frye3,5046.236708272862,5047.527139596029,1
frye1,5051.603076202729,5053.2999983133295,1
frye3,5052.64484243707,5054.26944042717,1
frye1,5057.178701680607,5058.953199168208,1
frye3,5059.852882337772,5061.317644426189,1
frye1,5062.9401813410805,5064.565809481681,1
frye1,5066.98250981254,5068.7096350218735,1
frye3,5068.154126857942,5069.583272586526,1
frye1,5071.884413878507,5073.598363357591,1
frye3,5073.095765539732,5074.386196862899,1
frye1,5076.879245035772,5078.57163120708,1
frye3,5079.139498131767,5080.792436470367,1
frye1,5081.502367827845,5083.276865315445,1
frye3,5084.694399459287,5086.36958230762,1
frye1,5086.450735439461,5087.933872277615,1
frye1,5090.957699367412,5092.654621478012,1
frye3,5091.449159416562,5093.095840739896,1
frye1,5095.76667634208,5097.480625821164,1
frye3,5097.537331266762,5099.193799985916,1
frye1,5101.504924229729,5103.146255888129,1
frye3,5104.247652012896,5105.712414101313,1
frye1,5106.151278794626,5107.878404003959,1
frye1,5111.122878179066,5112.897375666666,1
frye3,5112.406691060617,5114.053372383951,1
frye1,5116.512649474347,5118.205035645655,1
frye3,5118.148235525927,5119.438666849093,1
frye1,5121.368089994665,5123.082039473748,1
frye3,5125.471817373993,5126.9009631025765,1
frye1,5127.431582701856,5129.057210842457,1
frye3,5131.782185274892,5133.757059646801,1
frye1,5131.822387765685,5133.549512975018,1
frye1,5137.258622606615,5139.0331200942155,1
frye3,5138.705814230699,5140.380997079032,1
frye1,5143.2988835409815,5144.940215199382,1
frye3,5146.376021965881,5147.840784054298,1
frye1,5151.708785303446,5153.405707414046,1
frye3,5152.082016608876,5153.73848532803,1
frye1,5157.679350919339,5159.45384840694,1
frye3,5160.241055608573,5161.916238456906,1
frye1,5166.7397423208895,5168.36537046149,1
frye3,5169.208886737045,5170.861825075644,1
frye1,5171.084083839069,5172.798033318152,1
frye3,5174.221629699858,5175.686391788275,1
frye1,5177.286967183207,5178.979353354514,1
frye3,5182.291790279274,5183.948258998428,1
frye1,5182.32826188612,5184.055387095454,1
frye1,5187.973582682472,5189.748080170072,1
frye3,5190.273072486437,5191.919753809771,1
frye1,5193.851221207066,5195.530926551975,1
frye3,5195.010292298357,5196.3007236215235,1
frye1,5198.218794498071,5199.915716608671,1
frye3,5200.689623414269,5202.314221404369,1
frye1,5203.306552746632,5205.020502225716,1
frye1,5208.580165177791,5210.221496836191,1
frye3,5208.67979191766,5210.144554006077,1
frye1,5212.5760301036025,5214.350527591203,1
frye3,5216.403326656985,5217.8324723855685,1
frye1,5217.779947216289,5219.507072425622,1
frye3,5221.7271440917775,5223.702018463687,1
frye1,5223.192950284394,5224.916625478758,1
frye3,5228.872969098285,5230.5481519466175,1
frye1,5231.55638850121,5233.18201664181,1
frye1,5235.64518051832,5237.41967800592,1
frye3,5236.001018468758,5237.381576988258,1
frye1,5241.081415359249,5242.795364838333,1
frye3,5242.986862366785,5244.643331085939,1
frye1,5246.285332471934,5248.012457681268,1
frye1,5251.2801636292,5252.9214952876,1
frye3,5251.385873101239,5252.850635189656,1
frye1,5255.624505147378,5257.3384546264615,1
frye3,5258.362827611439,5260.009508934772,1
frye1,5261.130435306782,5262.810140651691,1
frye3,5262.975617633966,5264.650800482299,1
frye1,5265.358617960838,5267.055540071438,1
frye1,5271.073634075663,5272.848131563263,1
frye3,5273.4899348251065,5275.477562421107,1
frye1,5276.765418417663,5278.492543626996,1
frye3,5281.435665663156,5282.726096986323,1
frye1,5282.015799075996,5283.72974855508,1
frye3,5287.043894043845,5288.668492033945,1
frye1,5290.123687791742,5291.749315932342,1
frye1,5294.839737675114,5296.566862884447,1
frye3,5296.465006614518,5297.929768702935,1
frye1,5299.160847420468,5300.935344908068,1
frye3,5302.384309466184,5304.040778185338,1
frye1,5304.29506921468,5305.974774559589,1
frye1,5308.035384639422,5309.732306750022,1
frye3,5311.218824510034,5312.894007358367,1
frye1,5313.796864299895,5315.510813778978,1
frye1,5319.0472449582285,5320.688576616629,1
frye3,5319.173443143088,5321.161070739088,1
frye1,5323.414818249233,5325.189315736833,1
frye3,5328.221266395609,5329.511697718775,1
frye1,5328.665198907567,5330.357585078875,1
frye1,5333.265089926815,5334.992215136148,1
frye3,5335.144895398439,5336.574041127023,1
frye1,5339.677059226374,5341.391008705457,1
frye3,5341.126413096278,5342.782881815432,1
frye1,5344.741585702112,5346.367213842713,1
frye1,5349.039463674642,5350.813961162243,1
frye3,5350.076470086492,5351.541232174909,1
frye1,5354.0110630590825,5355.738188268416,1
frye3,5354.458176216292,5356.104857539625,1
frye3,5359.097629812928,5360.722227803028,1
frye1,5359.307907263065,5360.949238921466,1
frye1,5363.791639418191,5365.505588897275,1
frye3,5368.536518115682,5369.917076635182,1
frye1,5369.367264896068,5371.064187006668,1
frye3,5373.5137096623575,5375.1888925106905,1
frye1,5374.222705416387,5375.491549637387,1
frye1,5377.753934885708,5379.481060095041,1
frye1,5383.306328590761,5385.0808260783615,1
frye3,5387.227649990575,5388.874331313908,1
frye1,5390.484946393528,5392.1773325648355,1
frye3,5393.91130725865,5395.376069347067,1
frye1,5395.189624729262,5396.903574208345,1
frye3,5401.45708520544,5402.886230934024,1
frye1,5401.961442168825,5403.688567378158,1
frye1,5407.327981691281,5408.969313349681,1
frye3,5409.678339099332,5410.968770422499,1
frye3,5426.476360665288,5428.132829384442,1
frye3,5438.679367844747,5440.32604916808,1
frye3,5444.68754906967,5446.362731918003,1
frye3,5457.414938977805,5458.7954974973045,1
frye3,5464.231913828275,5466.219541424275,1
frye3,5481.660972180218,5483.125734268635,1
frye3,5488.637928188192,5490.294396907346,1
frye3,5497.392452652789,5499.067635501122,1
frye3,5508.96442304726,5510.254854370427,1
frye3,5521.754027802567,5523.378625792668,1
frye3,5528.393245859501,5529.858007947918,1
frye3,5541.040645141359,5542.469790869943,1
frye3,5545.351248534936,5547.326122906845,1
frye3,5560.878308688888,5562.524990012222,1
frye3,5567.650844329219,5569.326027177552,1
frye3,5577.347480050783,5579.335107646783,1
frye3,5585.337650099973,5586.6280814231395,1
frye3,5590.270402436509,5591.89500042661,1
frye3,5600.69584120637,5602.342522529703,1
frye3,5607.032872634352,5608.497634722769,1
frye3,5614.107594904634,5615.764063623788,1
frye3,5623.84866983734,5625.523852685673,1
frye3,5636.344975804722,5638.319850176631,1
frye3,5646.281583262042,5647.710728990625,1
frye3,5652.058679095463,5653.52344118388,1
frye3,5658.644570053206,5660.025128572705,1
frye3,5666.119245262772,5667.775713981926,1
frye3,5672.3585104284475,5674.0336932767805,1
frye3,5681.806286525204,5683.793914121205,1
frye3,5691.209621914047,5692.63876764263,1
frye3,5696.400121718419,5697.864883806836,1
frye3,5707.269952590678,5708.894550580779,1
frye3,5713.722525917001,5715.012957240167,1
frye3,5723.010320905278,5724.663259243877,1
frye3,5730.911612534187,5732.58679538252,1
frye3,5740.626023939808,5742.250621929908,1
frye3,5747.496325843446,5748.961087931863,1
frye3,5756.0642056254555,5757.7206743446095,1
frye3,5766.507420079372,5767.797851402539,1
frye3,5772.737797354995,5774.390735693594,1
frye3,5784.683057114641,5786.358239962974,1
frye3,5792.326601323739,5794.301475695648,1
frye3,5800.867817579666,5802.52428629882,1
frye3,5811.355471244721,5812.820233333138,1
frye3,5818.741268034008,5820.170413762591,1
frye3,5823.496263529984,5824.786694853151,1
frye3,5829.859958436026,5831.484556426127,1
frye3,5839.165529108359,5840.840711956692,1
frye3,5849.724285508639,5851.3709668319725,1
frye3,5853.85713210868,5855.844759704681,1
frye3,5867.8554833817925,5869.32024547021,1
frye3,5879.747416090273,5881.403884809427,1
frye3,5886.86657761872,5888.541760467053,1
frye3,5897.727520600925,5899.715148196926,1
frye3,5908.117408002674,5909.4078393258405,1
frye3,5921.529160203166,5922.993922291583,1
frye3,5935.660829107699,5937.089974836283,1
frye3,5950.859039057591,5952.8339134295,1
frye3,5962.893177237516,5964.568360085849,1
frye3,5972.963100780459,5974.619569499613,1
frye3,5979.948944677485,5981.413706765902,1
frye3,5985.939350218353,5987.592288556953,1
frye3,5995.813742781477,5997.460424104811,1
frye3,5999.573299967318,6000.863731290485,1
frye3,6011.05639039571,6012.712859114864,1
frye3,6020.095325806204,6021.770508654537,1
frye3,6031.1473675347515,6033.122241906661,1
frye3,6037.9850704143155,6039.4498325027325,1
